sample,category,best_length,max_r2
ERR10114878,external_ancient,96,0.9692757547566482
ERR10114879,external_ancient,94,0.9841804419710042
ERR10114880,external_ancient,97,0.9661309560708884
ERR10114881,external_ancient,73,0.8314670133894423
ERR10114882,external_ancient,97,0.9584980601920585
ERR10114883,external_ancient,94,0.9680889748638455
ERR10493277,external_ancient,83,0.9224867708520945
ERR10493279,external_ancient,83,0.9905318106649581
ERR10493281,external_ancient,86,0.9936302868529493
ERR10493283,external_ancient,74,0.9642717180486761
ERR10493285,external_ancient,84,0.9340268932085475
ERR10493287,external_ancient,78,0.9462627372628883
ERR10493289,external_ancient,87,0.8961922962953102
ERR10493291,external_ancient,75,0.9474009148810854
ERR10493292,external_ancient,87,0.974900610464937
ERR10493294,external_ancient,84,0.9711633241151265
ERR10493297,external_ancient,81,0.9655333886277563
ERR10493299,external_ancient,84,0.9784998180951885
ERR10493301,external_ancient,87,0.9875464507067646
ERR10493303,external_ancient,81,0.9701963279638061
ERR10493304,external_ancient,90,0.9815747816124386
ERR10493306,external_ancient,87,0.9767212084184986
ERR10493308,external_ancient,83,0.9815510671944708
ERR10493310,external_ancient,83,0.9491466752160486
ERR10493311,external_ancient,84,0.8766955381395313
ERR10493312,external_ancient,86,0.9500011452131776
ERR10493314,external_ancient,87,0.9564709172407422
ERR10493316,external_ancient,87,0.9863956143899156
ERR10493318,external_ancient,93,0.9912538172918801
ERR10493320,external_ancient,84,0.953839687694884
ERR10493322,external_ancient,81,0.7451427834757692
ERR10493324,external_ancient,84,0.729451333021935
ERR10493326,external_ancient,80,0.9467492027185594
ERR10493328,external_ancient,83,0.9734024840118098
ERR10493330,external_ancient,88,0.8284955814904291
ERR10493332,external_ancient,45,0.2702515084153353
ERR10493333,external_ancient,50,0.7252526409312378
ERR10493334,external_ancient,45,0.23256340489946822
ERR10493335,external_ancient,31,0.15153001880081216
ERR10493336,external_ancient,45,0.12387159422171629
ERR10493337,external_ancient,50,0.7463070944098875
ERR10493338,external_ancient,31,0.2291338908508309
ERR10493339,external_ancient,31,0.1952567848380637
ERR10493340,external_ancient,31,0.2560120012709304
ERR10493341,external_ancient,82,0.9689581866071063
ERR10493343,external_ancient,50,0.8783861407313708
ERR10493344,external_ancient,51,0.6304911322252406
ERR10493345,external_ancient,51,0.6423114632403046
ERR10493346,external_ancient,45,0.2702515084153353
ERR10493347,external_ancient,45,0.16156095626482364
ERR10493348,external_ancient,30,0.15889307979205303
ERR10493349,external_ancient,44,0.16913836490123865
ERR10493357,external_ancient,66,0.26848644685274736
ERR10493358,external_ancient,53,0.28228979245335445
ERR10493359,external_ancient,53,0.31087991781627733
ERR10493360,external_ancient,86,0.9650526506831424
ERR10493361,external_ancient,83,0.9608925701259247
ERR10493362,external_ancient,74,0.975717568963489
ERR10493363,external_ancient,86,0.9135427585316741
ERR10878152,external_ancient,72,0.9306311032202192
ERR10878153,external_ancient,79,0.9928032161205039
ERR10878154,external_ancient,79,0.5007283093810452
ERR10878155,external_ancient,79,0.9824773844149185
ERR10878156,external_ancient,79,0.994709399955271
ERR10878157,external_ancient,79,0.9891437740952839
ERR10878158,external_ancient,79,0.9654121697536879
ERR10878159,external_ancient,75,0.6865925246351233
ERR10878160,external_ancient,79,0.6178082955594164
ERR10878162,external_ancient,100,0.3242934692309666
ERR10878163,external_ancient,100,0.2742937513209916
ERR12074344,external_ancient,101,0.11277502046407584
ERR12074345,external_ancient,101,0.25624072056201574
ERR12074346,external_ancient,101,0.15015758298241738
ERR12074348,external_ancient,101,0.22846814531859647
ERR12074349,external_ancient,101,0.07814347093690799
ERR12074350,external_ancient,101,0.16603552435711455
ERR12074351,external_ancient,101,0.1398182281042956
ERR12074352,external_ancient,101,0.11312441034725443
ERR12074353,external_ancient,101,0.15886000911568693
ERR12074354,external_ancient,101,0.1505653287425478
ERR12074356,external_ancient,101,0.15194995282281035
ERR12074357,external_ancient,101,0.11319967594323302
ERR12074358,external_ancient,101,0.19989137638447038
ERR12074359,external_ancient,101,0.15521446980296744
ERR12074360,external_ancient,101,0.08234476193194351
ERR12074361,external_ancient,101,0.13487616916653322
ERR12074362,external_ancient,101,0.11412196199902325
ERR12074365,external_ancient,101,0.03658853179048885
ERR12074366,external_ancient,101,0.05631685155029409
ERR12074367,external_ancient,101,0.18904234712453763
ERR12074369,external_ancient,101,0.19917402272035492
ERR12074370,external_ancient,101,0.1679225352765706
ERR12074372,external_ancient,101,0.2285945208409031
ERR12074374,external_ancient,101,0.050624659050692966
ERR12074376,external_ancient,101,0.13566567688838171
ERR12074377,external_ancient,101,0.14002226461701064
ERR12074378,external_ancient,101,0.06150664958139812
ERR12074380,external_ancient,101,0.11404628184296872
ERR12074382,external_ancient,101,0.16643723936537655
ERR12074383,external_ancient,101,0.026777954565957635
ERR12074384,external_ancient,101,0.1103938357583166
ERR12074385,external_ancient,101,0.1785308971282525
ERR12074386,external_ancient,101,0.14718997338085985
ERR12074389,external_ancient,101,0.06785740457862366
ERR12074390,external_ancient,101,0.15009495767764078
ERR12074391,external_ancient,101,0.09195224480666797
ERR12074392,external_ancient,101,0.09663136857268276
ERR12074393,external_ancient,101,0.07194682642961264
ERR12074394,external_ancient,101,0.21017894482760785
ERR12074396,external_ancient,101,0.03310468299525618
ERR12074397,external_ancient,101,0.2202871412879095
ERR12074398,external_ancient,101,0.20327345397920576
ERR12814413,external_ancient,150,0.0678777271514909
ERR12814414,external_ancient,150,0.06643801255404716
ERR12814415,external_ancient,150,0.40087245461374654
ERR12814416,external_ancient,150,0.04066253260539526
ERR12814417,external_ancient,150,0.47037797685687494
ERR12814418,external_ancient,150,0.5200327679282768
ERR12814419,external_ancient,150,0.608283573879379
ERR12814422,external_ancient,150,0.09615309914056552
ERR12814423,external_ancient,150,0.3580354560976662
ERR12814424,external_ancient,150,0.5028855101669238
ERR12814425,external_ancient,125,0.47284485324085873
ERR12814427,external_ancient,125,0.10071839167948632
ERR12814428,external_ancient,150,0.46398200773633236
ERR12814429,external_ancient,125,0.42094359753906985
ERR12814430,external_ancient,150,0.06769108213144182
ERR12814431,external_ancient,125,0.04989244047792257
ERR12814432,external_ancient,125,0.026612138566418475
ERR12814433,external_ancient,150,0.04745792753398281
ERR12814434,external_ancient,125,0.031732825874932646
ERR12814435,external_ancient,125,0.41320162860913734
ERR12814436,external_ancient,150,0.38702769156174965
ERR12814437,external_ancient,125,0.28994913252863463
ERR12814438,external_ancient,150,0.15726218279542636
ERR12814439,external_ancient,125,0.060359497095054115
ERR12814440,external_ancient,150,0.12380737704806447
ERR12814441,external_ancient,125,0.03887866074305332
ERR12814442,external_ancient,125,0.47585723110872874
ERR12814443,external_ancient,150,0.47763286130114424
ERR12814444,external_ancient,150,0.28963419253246425
ERR12814446,external_ancient,150,0.6514173862767245
ERR12814447,external_ancient,125,0.48758328312531285
ERR12814448,external_ancient,150,0.501089071514202
ERR12814449,external_ancient,125,0.3635133094907075
ERR12814450,external_ancient,150,0.33706839372025693
ERR12814451,external_ancient,150,0.037597846135647345
ERR12814452,external_ancient,125,0.48667491622295783
ERR12814453,external_ancient,150,0.45633108676088185
ERR12814454,external_ancient,125,0.04912278912313062
ERR12814456,external_ancient,125,0.2259951030350107
ERR12814457,external_ancient,150,0.5036138329651741
ERR12814458,external_ancient,150,0.3739266793450637
ERR12814460,external_ancient,125,0.32283126612767843
ERR12814461,external_ancient,125,0.42248685008122866
ERR12814462,external_ancient,125,0.3070777403870779
ERR12814463,external_ancient,150,0.542222815775177
ERR12814464,external_ancient,125,0.3779989051178929
ERR12814465,external_ancient,150,0.1413102119437425
ERR12814466,external_ancient,125,0.018699662945278223
ERR12814467,external_ancient,125,0.6261682756897798
ERR12814468,external_ancient,125,0.25601778603934666
ERR12814469,external_ancient,150,0.15955949863773808
ERR12814471,external_ancient,125,0.051212444440315086
ERR12814472,external_ancient,150,0.5687964984513096
ERR12814473,external_ancient,125,0.5924521174910132
ERR12814474,external_ancient,150,0.3800685492325493
ERR12814475,external_ancient,150,0.19832789715970447
ERR12814476,external_ancient,125,0.8322167243983793
ERR13950600,external_ancient,100,0.31875776599465233
ERR13950601,external_ancient,100,0.13195834343394958
ERR13950606,external_ancient,100,0.47168059108249927
ERR13950607,external_ancient,100,0.5941530011543563
ERR13950608,external_ancient,100,0.6657700300419528
ERR13950609,external_ancient,100,0.5602827142953049
ERR13950611,external_ancient,100,0.042164306663410034
ERR13950612,external_ancient,100,0.26533191928158906
ERR13950613,external_ancient,100,0.12826991250522304
ERR13950614,external_ancient,100,0.2518201144937655
ERR13950615,external_ancient,100,0.3100003137294882
ERR13950620,external_ancient,100,0.21357854715843186
ERR13950621,external_ancient,100,0.3311387048975355
ERR13950622,external_ancient,100,0.2403949706583229
ERR13950623,external_ancient,100,0.46933702199874866
ERR13950624,external_ancient,100,0.5067457982308816
ERR13950625,external_ancient,100,0.5121274611165784
ERR13950627,external_ancient,100,0.32259173453887136
ERR13950628,external_ancient,100,0.5114673069502804
ERR13950629,external_ancient,100,0.2676316827955671
ERR13950630,external_ancient,101,0.395097541341914
ERR13950631,external_ancient,101,0.24958757834549775
ERR13950632,external_ancient,101,0.2586174829441731
ERR13950633,external_ancient,101,0.4933743420943277
ERR13950634,external_ancient,101,0.49762181958520507
ERR13950635,external_ancient,101,0.5526468662566336
ERR13950637,external_ancient,101,0.163119279616588
ERR13950638,external_ancient,101,0.14385616664867143
ERR13950639,external_ancient,101,0.2751625055649032
ERR13950640,external_ancient,101,0.16105661922293749
ERR13950641,external_ancient,101,0.16006361074609335
ERR13950642,external_ancient,101,0.198405047733269
ERR13950643,external_ancient,101,0.1454463976580033
ERR13950644,external_ancient,101,0.15583790769857395
ERR13950646,external_ancient,101,0.3406306403792959
ERR13950647,external_ancient,101,0.24534726430888507
ERR13950648,external_ancient,101,0.2478548511422502
ERR13950649,external_ancient,101,0.4384896766332236
ERR13950650,external_ancient,101,0.44292690455262806
ERR13950653,external_ancient,101,0.132325782525141
ERR13950654,external_ancient,101,0.2728257261518441
ERR13950655,external_ancient,101,0.0787783518189911
ERR13950658,external_ancient,101,0.3485673348017589
ERR13950659,external_ancient,101,0.1223352672300341
ERR13950660,external_ancient,101,0.13359551656872026
ERR13950661,external_ancient,101,0.44289045470987565
ERR13950662,external_ancient,101,0.4723220051357031
ERR13950663,external_ancient,101,0.3513710551164192
ERR13950664,external_ancient,101,0.37259193792046397
ERR13950665,external_ancient,101,0.14812984985092575
ERR13950666,external_ancient,101,0.2600644714004296
ERR13950667,external_ancient,101,0.18050593782368324
ERR13950668,external_ancient,101,0.45802216679392616
ERR13950669,external_ancient,101,0.4575843572277273
ERR13950670,external_ancient,101,0.2239455975988932
ERR13950671,external_ancient,101,0.2725398924381722
ERR13950673,external_ancient,101,0.42460098611283154
ERR13950674,external_ancient,101,0.3925478811482939
ERR1560012,external_ancient,68,0.8414427648858813
ERR1560013,external_ancient,99,0.9688308286650561
ERR1560014,external_ancient,89,0.9324126096959193
ERR1560015,external_ancient,95,0.9604076973398519
ERR1560016,external_ancient,85,0.4597984874361847
ERR1560017,external_ancient,53,0.7038540447121518
ERR1560018,external_ancient,42,0.42885357191466555
ERR1560019,external_ancient,53,0.7481171095768512
ERR1560020,external_ancient,53,0.7802595069565169
ERR1560021,external_ancient,53,0.8512398719819262
ERR1560022,external_ancient,53,0.7605503997524043
ERR1560023,external_ancient,53,0.5260093832903924
ERR1560024,external_ancient,57,0.24304696600397743
ERR1560025,external_ancient,57,0.7361896743073394
ERR1560093,external_ancient,67,0.8357905009207702
ERR1560094,external_ancient,61,0.8687640330882163
ERR1560095,external_ancient,61,0.7921185058136173
ERR1560096,external_ancient,25,0.15623546027701185
ERR1560097,external_ancient,72,0.11199231201904308
ERR1560098,external_ancient,54,0.6948503171829847
ERR1560099,external_ancient,53,0.6821646160123267
ERR1560100,external_ancient,54,0.690803563102306
ERR1560101,external_ancient,44,0.21469414740180418
ERR1560102,external_ancient,101,0.1983724807626334
ERR1560103,external_ancient,53,0.5480246008710391
ERR1560104,external_ancient,74,0.3019565986024087
ERR1560105,external_ancient,99,0.9557726040988406
ERR1560106,external_ancient,99,0.9827500286189851
ERR1560107,external_ancient,99,0.8494675785777207
ERR1560108,external_ancient,99,0.8502030972626012
ERR1560109,external_ancient,59,0.6507181077419744
ERR1560110,external_ancient,99,0.8629656929102452
ERR1883403,external_ancient,76,0.09172350528463344
ERR1883404,external_ancient,76,0.34181666316869463
ERR1883406,external_ancient,76,0.29450595126431406
ERR1883408,external_ancient,76,0.21032759766163128
ERR1883413,external_ancient,76,0.6575729189053449
ERR1883415,external_ancient,76,0.7948925802107578
ERR1883416,external_ancient,76,0.22656320165775368
ERR1883418,external_ancient,76,0.30053488498560327
ERR1883419,external_ancient,76,0.17860888420205234
ERR1883420,external_ancient,76,0.34824355494417614
ERR1883421,external_ancient,76,0.3052812012820598
ERR1883422,external_ancient,76,0.1474471107531961
ERR1883423,external_ancient,76,0.6326227463811651
ERR1883424,external_ancient,76,0.43361878930570186
ERR1883426,external_ancient,76,0.15219633579654443
ERR1883427,external_ancient,76,0.24245312916950107
ERR1883428,external_ancient,76,0.24213902985931274
ERR1883429,external_ancient,76,0.2729890151346439
ERR1883430,external_ancient,76,0.5507084766788584
ERR1883431,external_ancient,76,0.44701732800945604
ERR1883433,external_ancient,76,0.41542512888919786
ERR1883435,external_ancient,76,0.3223263791238087
ERR1883436,external_ancient,76,0.7120098880215793
ERR1883437,external_ancient,76,0.4009904287683941
ERR1883438,external_ancient,76,0.9787138897000749
ERR1883439,external_ancient,76,0.4924585886364205
ERR1883440,external_ancient,76,0.3649202761876401
ERR1883450,external_ancient,76,0.10681262883763523
ERR1883451,external_ancient,76,0.2438678162109851
ERR1883452,external_ancient,76,0.08575472863799488
ERR1883453,external_ancient,76,0.7333638820569526
ERR1883454,external_ancient,76,0.7094261685702064
ERR1883455,external_ancient,76,0.38414595955783615
ERR1883456,external_ancient,76,0.40737775195484116
ERR1883458,external_ancient,76,0.4862523442814871
ERR1883461,external_ancient,76,0.4047074384478607
ERR1883462,external_ancient,76,0.2266720498846662
ERR1883463,external_ancient,76,0.19777879376753277
ERR1883465,external_ancient,76,0.11984485695591818
ERR1883468,external_ancient,76,0.13111580030118847
ERR1883469,external_ancient,76,0.14676544512999382
ERR1883470,external_ancient,76,0.03459051535358593
ERR1883473,external_ancient,76,0.08901931229200777
ERR1883474,external_ancient,76,0.09974266420167313
ERR1883475,external_ancient,76,0.12575306714476372
ERR1883477,external_ancient,76,0.6899002842549302
ERR1883478,external_ancient,76,0.3326955263105543
ERR1883479,external_ancient,76,0.49531167516933816
ERR1883480,external_ancient,76,0.813653784991637
ERR1883481,external_ancient,76,0.37894309282802596
ERR1883486,external_ancient,76,0.9131828528628297
ERR1894879,external_ancient,81,0.03558025970037909
ERR1894880,external_ancient,81,0.023374702818558912
ERR1894881,external_ancient,81,0.012362254445965226
ERR1894882,external_ancient,81,0.010862018819786823
ERR1894900,external_ancient,101,0.14224282898515653
ERR1894901,external_ancient,101,0.2680105611485665
ERR1894902,external_ancient,101,0.17139431162161303
ERR1894903,external_ancient,101,0.211184950245563
ERR1894904,external_ancient,101,0.2738491932264579
ERR1894905,external_ancient,101,0.04449681445482856
ERR1894906,external_ancient,101,0.10512076216763158
ERR1894907,external_ancient,101,0.012982824100895018
ERR1894908,external_ancient,81,0.014973432541578124
ERR1894909,external_ancient,81,0.014273051984168394
ERR1894910,external_ancient,81,0.01147309535957916
ERR1894911,external_ancient,81,0.012358716727219748
ERR1894912,external_ancient,81,0.20161173857616688
ERR1894913,external_ancient,81,0.2024453999258345
ERR1894914,external_ancient,81,0.03585072971392389
ERR1894915,external_ancient,81,0.03670432792807152
ERR1894916,external_ancient,81,0.01888913407275955
ERR1894917,external_ancient,81,0.019537955029101856
ERR1894918,external_ancient,81,0.04476587158199219
ERR1894919,external_ancient,81,0.04538474294522049
ERR3458788,external_ancient,54,0.20671853175669402
ERR3458790,external_ancient,37,0.28802586583383327
ERR3458791,external_ancient,54,0.34042856522434484
ERR3458792,external_ancient,65,0.7621974550840924
ERR3459718,external_ancient,117,0.10869037769345569
ERR3459719,external_ancient,74,0.8521339485789483
ERR3459720,external_ancient,74,0.8848800123433854
ERR3459723,external_ancient,73,0.6926814389848583
ERR3459724,external_ancient,73,0.7767268118134454
ERR3459725,external_ancient,74,0.8186222615542845
ERR3459727,external_ancient,73,0.9749874285514376
ERR3459728,external_ancient,73,0.9843135041630202
ERR3459729,external_ancient,74,0.7929468171946282
ERR3459730,external_ancient,150,0.6364456364753173
ERR3459731,external_ancient,71,0.9825865448126114
ERR3459732,external_ancient,74,0.8900301155472268
ERR3459733,external_ancient,75,0.7868295286806593
ERR3459735,external_ancient,73,0.940066343575241
ERR3459736,external_ancient,74,0.9900625544099207
ERR3459741,external_ancient,75,0.8712516265054445
ERR3459742,external_ancient,150,0.6429847937766727
ERR3459743,external_ancient,74,0.9222354440278552
ERR3459744,external_ancient,149,0.8227292821658247
ERR3761400,external_ancient,76,0.8594261115122506
ERR3761401,external_ancient,76,0.9620848675527769
ERR3761402,external_ancient,76,0.9868781713605153
ERR3761403,external_ancient,76,0.9970273739033112
ERR3761404,external_ancient,76,0.9782419824175597
ERR3761405,external_ancient,64,0.385045594659662
ERR3761406,external_ancient,50,0.2936423744936658
ERR3772643,external_ancient,125,0.2875233249413519
ERR3772644,external_ancient,125,0.16701431338898212
ERR3772645,external_ancient,125,0.07546900524642397
ERR3804373,external_ancient,147,0.9977625330186612
ERR3804374,external_ancient,147,0.9978954204661878
ERR3804375,external_ancient,147,0.9960857124587517
ERR3804376,external_ancient,147,0.9975276517761087
ERR3804377,external_ancient,147,0.9963619901012469
ERR3804378,external_ancient,147,0.9483754224356292
ERR4128915,external_ancient,81,0.21490854505667337
ERR4128916,external_ancient,81,0.21838623578317665
ERR4128917,external_ancient,81,0.07786801597735551
ERR4128918,external_ancient,81,0.07939527450265502
ERR4334727,external_ancient,147,0.9981826550687452
ERR4334728,external_ancient,147,0.9983415330832438
ERR4334729,external_ancient,147,0.9969464285837666
ERR4334730,external_ancient,147,0.9974623232333053
ERR4334731,external_ancient,147,0.9959165272464602
ERR4334732,external_ancient,147,0.9961786855237534
ERR4334733,external_ancient,147,0.9971015674525682
ERR4334734,external_ancient,147,0.9970720254223421
ERR4334735,external_ancient,147,0.996795267142699
ERR4334736,external_ancient,147,0.9978942303192933
ERR4426516,external_ancient,49,0.9549835135764945
ERR4426517,external_ancient,45,0.7591547805252916
ERR4426518,external_ancient,45,0.8474470984488056
ERR4426519,external_ancient,63,0.9287600611749622
ERR4426520,external_ancient,63,0.9471800302008482
ERR4426521,external_ancient,53,0.7961166172570542
ERR4426522,external_ancient,60,0.8654123333604604
ERR4426523,external_ancient,75,0.9943929270223847
ERR4426524,external_ancient,57,0.8843961894861525
ERR4426525,external_ancient,39,0.9822384151343546
ERR4426526,external_ancient,84,0.9741028484471295
ERR4426527,external_ancient,78,0.9800047892768223
ERR4426529,external_ancient,69,0.985052838226083
ERR4426530,external_ancient,63,0.9363109407843925
ERR4426531,external_ancient,60,0.9637801760868496
ERR4426532,external_ancient,57,0.9458690035808035
ERR4426533,external_ancient,57,0.9452353075466784
ERR4426534,external_ancient,75,0.9925258612725141
ERR4426535,external_ancient,74,0.9769128467136338
ERR4426536,external_ancient,63,0.8269590716285167
ERR4426537,external_ancient,63,0.9267837591735366
ERR4426538,external_ancient,84,0.983582398799192
ERR4426539,external_ancient,95,0.9851322929402814
ERR4426540,external_ancient,63,0.9604713389139522
ERR4426541,external_ancient,57,0.928119623877597
ERR4426542,external_ancient,63,0.9184398718938274
ERR4426543,external_ancient,79,0.9923445837963224
ERR4426545,external_ancient,84,0.9804651953211186
ERR4426546,external_ancient,63,0.9550060963815709
ERR4426547,external_ancient,75,0.9672331479296632
ERR4426548,external_ancient,74,0.9915425686812537
ERR4426549,external_ancient,53,0.8890412185410277
ERR4426550,external_ancient,75,0.9833159026490268
ERR4426552,external_ancient,69,0.9209282497972998
ERR4903906,external_ancient,57,0.8428846587796957
ERR4903907,external_ancient,63,0.9592694055663085
ERR4903908,external_ancient,54,0.9600777437767484
ERR4903909,external_ancient,63,0.9785646877443576
ERR4903910,external_ancient,53,0.9177708657534993
ERR4903911,external_ancient,51,0.90848253690469
ERR4903912,external_ancient,54,0.893403284157156
ERR4903913,external_ancient,55,0.25465703697227604
ERR4903914,external_ancient,78,0.89617377948395
ERR4903915,external_ancient,64,0.9475977419844452
ERR4903916,external_ancient,54,0.9531959541487172
ERR4903917,external_ancient,67,0.9051299951769534
ERR4903918,external_ancient,86,0.9359275262653541
ERR4903919,external_ancient,60,0.9791812644283375
ERR567364,external_ancient,254,0.9916843885415133
ERR567365,external_ancient,254,0.9712622510410189
ERR567366,external_ancient,254,0.9872542739774541
ERR567367,external_ancient,254,0.981860546025987
ERR6024164,external_ancient,86,0.9923617074144269
ERR6430820,external_ancient,125,0.3779740791526216
ERR6430821,external_ancient,125,0.2915427373137565
ERR6430822,external_ancient,125,0.24939466545086264
ERR6430823,external_ancient,125,0.10125191395456529
ERR6430825,external_ancient,125,0.21778713190655835
ERR6430828,external_ancient,125,0.06671596378893782
ERR6430830,external_ancient,125,0.09020785712842957
ERR6430831,external_ancient,125,0.2097558432652284
ERR6430832,external_ancient,125,0.24690962640310363
ERR6430833,external_ancient,125,0.23271874798294617
ERR6430834,external_ancient,125,0.05206158498096089
ERR6430836,external_ancient,125,0.4879835847777906
ERR6430838,external_ancient,125,0.14606001382705167
ERR6430839,external_ancient,125,0.07316965410549917
ERR6430840,external_ancient,125,0.10457120582770757
ERR6430841,external_ancient,125,0.10629047277097387
ERR6430842,external_ancient,125,0.10140585358451201
ERR6430843,external_ancient,125,0.11180075972577744
ERR6430845,external_ancient,125,0.11314547843068817
ERR6430846,external_ancient,125,0.1292278629576674
ERR6430847,external_ancient,125,0.16029438358819964
ERR6430848,external_ancient,125,0.08375425938748002
ERR6430849,external_ancient,125,0.4640065404112049
ERR6430850,external_ancient,125,0.3081573351116311
ERR6430851,external_ancient,125,0.0884507011574085
ERR6857195,external_ancient,100,0.9994375051071618
ERR6862847,external_ancient,149,0.998129837384457
ERR6862848,external_ancient,150,0.9982678423056232
ERR6862849,external_ancient,150,0.9992750783365345
ERR6862850,external_ancient,150,0.9984367409411787
ERR6862851,external_ancient,150,0.9993266260786283
ERR6862852,external_ancient,150,0.999053353870549
ERR6862853,external_ancient,150,0.9970954057360322
ERR6862854,external_ancient,150,0.9990128049411734
ERR9465622,external_ancient,151,0.99459769454534
ERR9465623,external_ancient,151,0.9957285401033023
ERR9465624,external_ancient,151,0.9944425333937059
ERR9465625,external_ancient,143,0.9638706473826336
ERR9465626,external_ancient,151,0.9815814336290637
ERR9465627,external_ancient,151,0.9749627173890067
ERR9465628,external_ancient,143,0.9810645180033377
ERR9465629,external_ancient,151,0.9845776317211472
ERR9465630,external_ancient,151,0.8791598701183068
ERR9465631,external_ancient,151,0.8811859693455004
ERR9465632,external_ancient,151,0.2989291687616881
ERR9690357,external_ancient,125,0.2701739468103458
ERR9690358,external_ancient,125,0.5501388061737177
ERR9690359,external_ancient,125,0.18916747738535525
ERR9690360,external_ancient,125,0.15459530467725788
ERR9690361,external_ancient,125,0.5866443456503674
ERR9690362,external_ancient,100,0.5379556254268608
ERR9690363,external_ancient,100,0.5664341841070057
ERR9690364,external_ancient,100,0.49228201974231567
ERR9690365,external_ancient,100,0.4067733523532223
ERR9690366,external_ancient,100,0.6210099504130951
SRR10156707,external_ancient,149,0.9789657843224104
SRR10156708,external_ancient,149,0.9914496545591189
SRR10156709,external_ancient,149,0.9697675037687095
SRR10156710,external_ancient,150,0.9091733003324939
SRR10156713,external_ancient,150,0.9821278528233588
SRR10156724,external_ancient,149,0.992656054678363
SRR10156735,external_ancient,150,0.9518335377357043
SRR10156737,external_ancient,150,0.7310739608637765
SRR10156738,external_ancient,150,0.6238954787121306
SRR10156739,external_ancient,150,0.7404615007531752
SRR10156740,external_ancient,150,0.8987520779525044
SRR10156741,external_ancient,150,0.9226772284752451
SRR10156742,external_ancient,150,0.8164304583650719
SRR10156743,external_ancient,150,0.8024487920436958
SRR10156744,external_ancient,150,0.8699045998449058
SRR10156745,external_ancient,150,0.9180259675097335
SRR10156746,external_ancient,149,0.9957471685746554
SRR10156747,external_ancient,150,0.8777373622685865
SRR10156748,external_ancient,150,0.8893710654729576
SRR10156749,external_ancient,150,0.8178257836456864
SRR10156750,external_ancient,149,0.9788151920455972
SRR10156751,external_ancient,149,0.9798746706833127
SRR10156752,external_ancient,149,0.986226752367374
SRR10156753,external_ancient,149,0.9927500783075307
SRR10156754,external_ancient,150,0.8271483958045529
SRR10156755,external_ancient,149,0.9614667630588872
SRR10156756,external_ancient,149,0.9769825630724753
SRR10156757,external_ancient,149,0.9960039317933349
SRR10156758,external_ancient,149,0.9947449638020056
SRR12557702,external_ancient,106,0.9941480735891204
SRR12557703,external_ancient,118,0.9982160485799458
SRR12557732,external_ancient,127,0.9939462981765411
SRR13106729,external_ancient,180,0.26902345529755667
SRR13106730,external_ancient,180,0.5518844976901758
SRR13106731,external_ancient,180,0.19844260817876994
SRR13106732,external_ancient,180,0.6876745345015034
SRR13106733,external_ancient,180,0.20378604412557108
SRR13106734,external_ancient,180,0.8629993028369409
SRR13106735,external_ancient,180,0.6127779840371588
SRR13106736,external_ancient,180,0.7874077456142985
SRR13106737,external_ancient,180,0.22679907506227714
SRR13106738,external_ancient,180,0.16323544719051009
SRR13106739,external_ancient,180,0.6439279756097709
SRR13106740,external_ancient,180,0.8617511303811198
SRR16071515,external_ancient,150,0.6189826902579755
SRR16071516,external_ancient,150,0.5894362905540083
SRR16071517,external_ancient,150,0.7087211379348297
SRR16071520,external_ancient,150,0.8624888078534982
SRR16071521,external_ancient,150,0.5134354094977853
SRR17651668,external_ancient,144,0.13854879757290442
SRR17651669,external_ancient,144,0.8500071871139969
SRR17651670,external_ancient,144,0.12562149559159996
SRR17651671,external_ancient,144,0.15368052718032923
SRR17651672,external_ancient,144,0.07345888477906098
SRR17651673,external_ancient,144,0.48106929947687743
SRR17651674,external_ancient,144,0.793236605072352
SRR17651684,external_ancient,144,0.11778316541624323
SRR17651685,external_ancient,144,0.8204328381238647
SRR17651686,external_ancient,144,0.1164120812638251
SRR17651687,external_ancient,144,0.09269399360783362
SRR17651688,external_ancient,144,0.08287627568223127
SRR17651689,external_ancient,144,0.10668684249873533
SRR17651690,external_ancient,144,0.8934007571863256
SRR17651691,external_ancient,144,0.1013549769371423
SRR17651692,external_ancient,144,0.15420322814140533
SRR17651693,external_ancient,144,0.10332758968162808
SRR17651694,external_ancient,144,0.10237262435195449
SRR17651695,external_ancient,144,0.0819859222729474
SRR17651696,external_ancient,144,0.11418788556596687
SRR20576738,external_ancient,67,0.7738447074744311
SRR20576739,external_ancient,28,0.008862150645314898
SRR20576742,external_ancient,71,0.8714575525969835
SRR20576743,external_ancient,93,0.9585972630951387
SRR20576744,external_ancient,28,0.0076069903363681635
SRR20576745,external_ancient,85,0.9173753117997281
SRR20576746,external_ancient,76,0.657704083171192
SRR20576747,external_ancient,28,0.01689297155710759
SRR20576748,external_ancient,93,0.5800253124844126
SRR20576749,external_ancient,93,0.9228600262699015
SRR20576750,external_ancient,93,0.741512571590939
SRR20576751,external_ancient,77,0.8025059381859684
SRR20576752,external_ancient,93,0.9629704904075587
SRR20576754,external_ancient,92,0.7782826017447091
SRR20576755,external_ancient,93,0.8561197917250587
SRR20576756,external_ancient,93,0.9429170554742864
SRR20576757,external_ancient,67,0.7789236631511798
SRR20576758,external_ancient,88,0.6404712411898679
SRR20576759,external_ancient,92,0.8532823242060796
SRR20576760,external_ancient,92,0.9079786546945591
SRR20576761,external_ancient,80,0.6521555398010902
SRR20576762,external_ancient,93,0.7128138607182241
SRR20576763,external_ancient,94,0.3487221342198206
SRR20576764,external_ancient,92,0.7235149030135998
SRR20576765,external_ancient,90,0.7107068932081635
SRR20576766,external_ancient,92,0.8753754770595488
SRR20576767,external_ancient,66,0.812626053869395
SRR20576768,external_ancient,28,0.011292914229898338
SRR20576769,external_ancient,93,0.3387098338694685
SRR20576770,external_ancient,92,0.8072653377697341
SRR20576771,external_ancient,60,0.8138400863977733
SRR20576772,external_ancient,92,0.842718162102757
SRR20576773,external_ancient,92,0.7866856611228157
SRR20576774,external_ancient,80,0.6471179544215346
SRR20576775,external_ancient,60,0.7471351941020606
SRR20576776,external_ancient,29,0.15767722882308682
SRR20576779,external_ancient,93,0.96580019605583
SRR20576780,external_ancient,93,0.9175898142369037
SRR20576781,external_ancient,86,0.8997351568780889
SRR20576782,external_ancient,93,0.8008129034650355
SRR20576783,external_ancient,94,0.10547896132892043
SRR20576785,external_ancient,71,0.835731670532538
SRR20576786,external_ancient,94,0.3101300462284346
SRR20576787,external_ancient,93,0.7085320759999596
SRR20576794,external_ancient,28,0.011751994284938727
SRR20576795,external_ancient,92,0.7240674934451525
SRR20576796,external_ancient,92,0.7492603093798347
SRR20576797,external_ancient,71,0.9283902407957352
SRR20576798,external_ancient,94,0.327326437371652
SRR20576799,external_ancient,70,0.5794459604527356
SRR20576800,external_ancient,92,0.8949732388481656
SRR20576802,external_ancient,66,0.7035571658473796
SRR20576803,external_ancient,28,0.007119926060827703
SRR20576805,external_ancient,72,0.7602694599543401
SRR20576807,external_ancient,93,0.8556226667914228
SRR20576808,external_ancient,93,0.9268756936798194
SRR20576809,external_ancient,28,0.02094548525275597
SRR20576811,external_ancient,29,0.1260304723559533
SRR20576812,external_ancient,94,0.8965475322136955
SRR20576813,external_ancient,59,0.9205354599002586
SRR20576814,external_ancient,38,0.07729257495624783
SRR20576815,external_ancient,77,0.9161472759046302
SRR20576816,external_ancient,64,0.7934685755116158
SRR20576817,external_ancient,28,0.00978076765787167
SRR21589119,external_ancient,76,0.7946116544009887
SRR21589120,external_ancient,76,0.1437423885440999
SRR24222601,external_ancient,74,0.9263498882030241
SRR24222602,external_ancient,74,0.9696319425147948
SRR24222603,external_ancient,100,0.8809851743854948
SRR24222604,external_ancient,110,0.7036527415003637
SRR24222605,external_ancient,119,0.7473819779159305
SRR24222606,external_ancient,103,0.8392461721616482
SRR24222607,external_ancient,101,0.7883657881236263
SRR24222608,external_ancient,68,0.8642177655320504
SRR24222609,external_ancient,80,0.9023660577909556
SRR24222610,external_ancient,67,0.9123876114066906
SRR24222612,external_ancient,80,0.9795104370815207
SRR24222613,external_ancient,64,0.9766245226921929
SRR24222614,external_ancient,58,0.7104536966957182
SRR24222615,external_ancient,94,0.8539031482599789
SRR24222616,external_ancient,95,0.9330548355850998
SRR24222617,external_ancient,95,0.8159549877500581
SRR24222618,external_ancient,83,0.8369352962218477
SRR24222619,external_ancient,86,0.8669717176755017
SRR24222620,external_ancient,54,0.9711528808874219
SRR24222621,external_ancient,67,0.8979046054576159
SRR24222623,external_ancient,62,0.9837645931232375
SRR24222624,external_ancient,67,0.9870370093272378
SRR24222625,external_ancient,62,0.9890958744121724
SRR24222626,external_ancient,80,0.990366600026015
SRR24222627,external_ancient,89,0.9159126979958612
SRR24222628,external_ancient,91,0.7686901210748566
SRR24222629,external_ancient,67,0.9584353029893306
SRR24222630,external_ancient,68,0.8051453568911963
SRR24222631,external_ancient,77,0.9601260827247848
SRR24222632,external_ancient,63,0.5547992770016411
SRR25620676,external_ancient,91,0.0946215816625032
SRR25620681,external_ancient,91,0.3267641160040186
SRR25620753,external_ancient,91,0.08578183107908907
SRR25620756,external_ancient,91,0.10965880040182596
SRR25620780,external_ancient,91,0.005646332113006081
SRR25620786,external_ancient,91,0.009986577368235966
SRR25620790,external_ancient,91,0.0049526198682904865
SRR25620795,external_ancient,91,0.006728288773273167
SRR32023812,external_ancient,150,0.025458146986411134
SRR32023817,external_ancient,150,0.0878353574976958
SRR32023818,external_ancient,150,0.014093431078581492
SRR32023819,external_ancient,150,0.0753246554203865
SRR32023820,external_ancient,150,0.06821434609489846
SRR32023821,external_ancient,150,0.08529051445463351
SRR32023822,external_ancient,150,0.06481990219588557
SRR32023823,external_ancient,150,0.07576083216333596
SRR32023824,external_ancient,150,0.0819053650123627
SRR32023825,external_ancient,150,0.06878040589423098
SRR32023826,external_ancient,150,0.08537763145515007
SRR32023827,external_ancient,150,0.0641821487114228
SRR32023828,external_ancient,150,0.08982303730833113
SRR32023829,external_ancient,150,0.040160718087317415
SRR32023830,external_ancient,150,0.10328080564703396
SRR32023831,external_ancient,150,0.07082437934634236
SRR32023832,external_ancient,150,0.05821517309267399
SRR32023833,external_ancient,150,0.09674011372353489
SRR32023835,external_ancient,150,0.06204910655715021
SRR32023836,external_ancient,150,0.08801915038494029
SRR32023837,external_ancient,150,0.1004180021966633
SRR32023838,external_ancient,150,0.0348133650370015
SRR32023839,external_ancient,150,0.056547678852278294
SRR32023840,external_ancient,150,0.0781223515433786
SRR32023841,external_ancient,150,0.06854935237929638
SRR32023842,external_ancient,150,0.08759718470155611
SRR32023845,external_ancient,150,0.06966640264019727
SRR32023846,external_ancient,150,0.06915858904460043
SRR32023847,external_ancient,150,0.06735982499395687
SRR32023848,external_ancient,150,0.06797761962876586
SRR32023849,external_ancient,150,0.07609414266738473
SRR32023851,external_ancient,150,0.0631619578047104
SRR32023854,external_ancient,150,0.0817676664502563
SRR32023855,external_ancient,150,0.09587343752847255
SRR32023858,external_ancient,150,0.03373483277621636
SRR32023859,external_ancient,150,0.08377243374044233
SRR32023860,external_ancient,150,0.06494353266881608
SRR32023861,external_ancient,150,0.04203751491918187
SRR32023864,external_ancient,150,0.018201759619653785
SRR32023865,external_ancient,150,0.00850068380915961
SRR32023867,external_ancient,150,0.06449158130915819
SRR32023868,external_ancient,150,0.07559436588655791
SRR32023870,external_ancient,150,0.007912200794368524
SRR32023871,external_ancient,150,0.009324535159073388
SRR32023872,external_ancient,150,0.04907479696219011
SRR32023873,external_ancient,150,0.0502297727714581
SRR32023874,external_ancient,150,0.03847340173379282
SRR32023875,external_ancient,150,0.014132992524513582
SRR3480231,external_ancient,76,0.3614496282147237
SRR3480232,external_ancient,76,0.323392241795959
SRR3480233,external_ancient,76,0.1876577776071318
SRR3480234,external_ancient,76,0.3622365706413635
SRR3480235,external_ancient,76,0.35111050152230816
SRR3480236,external_ancient,76,0.3422582103959253
SRR3480246,external_ancient,75,0.9793795316013107
SRR3480247,external_ancient,76,0.4539226449090836
SRR3480248,external_ancient,76,0.3483061885510558
SRR3480249,external_ancient,76,0.33846726179497955
SRR3480252,external_ancient,76,0.5300360888762382
SRR3480253,external_ancient,76,0.6046997610065623
SRR3480254,external_ancient,76,0.5095871255501075
SRR3480255,external_ancient,76,0.5422863898695467
SRR3480256,external_ancient,76,0.4358421947780722
SRR3480257,external_ancient,76,0.42045348149927697
SRR3480258,external_ancient,76,0.4295965605814301
SRR3480259,external_ancient,76,0.17463189940403154
SRR3480260,external_ancient,76,0.38045188059172463
SRR3480261,external_ancient,76,0.27230131804404734
SRR3480263,external_ancient,76,0.38273405950057987
SRR3480264,external_ancient,76,0.20721584375262997
SRR3480265,external_ancient,76,0.25299883250026833
SRR3480266,external_ancient,76,0.1899318035951571
SRR3480268,external_ancient,76,0.40989397161287416
SRR3480269,external_ancient,76,0.2694107558796395
SRR3480270,external_ancient,76,0.3135036234804323
SRR3480271,external_ancient,76,0.25910637262625574
SRR3480272,external_ancient,76,0.09820202112986895
SRR3480273,external_ancient,76,0.5308488676860326
SRR3480275,external_ancient,76,0.38664724460697986
SRR3480276,external_ancient,76,0.11320069274414138
SRR3480277,external_ancient,76,0.18643289599100984
SRR3480278,external_ancient,76,0.24508201939455723
SRR3480279,external_ancient,76,0.23924534823291577
SRR3480280,external_ancient,76,0.23898482466702708
SRR3480281,external_ancient,76,0.22386332041275664
SRR3480282,external_ancient,76,0.14631760799610316
SRR3480283,external_ancient,76,0.12872507241472583
SRR3480284,external_ancient,76,0.3702256943701941
SRR3480285,external_ancient,76,0.24261757912542284
SRR3480286,external_ancient,76,0.07299912757331473
SRR3480287,external_ancient,76,0.14639371381670296
SRR3480288,external_ancient,76,0.5258621954058691
SRR3480289,external_ancient,76,0.5133139845444672
SRR3480290,external_ancient,76,0.22392759801232323
SRR3480291,external_ancient,76,0.24621031839573043
SRR3480292,external_ancient,76,0.2871371082375693
SRR3480293,external_ancient,76,0.289743320836696
SRR3992610,external_ancient,76,0.4899624976618326
SRR3992611,external_ancient,76,0.7827351728581272
SRR3992612,external_ancient,76,0.5934126847377036
SRR3992613,external_ancient,76,0.8839994430330729
SRR3992614,external_ancient,76,0.7945086132435867
SRR3992615,external_ancient,76,0.5487606248023122
SRR3992616,external_ancient,76,0.06737329066615841
SRR3992617,external_ancient,76,0.3148044932256564
SRR3992618,external_ancient,76,0.8939364694786017
SRR3992619,external_ancient,76,0.4313677937697601
SRR3992620,external_ancient,76,0.9224634010207551
SRR3992621,external_ancient,76,0.8453442375794035
SRR3992622,external_ancient,76,0.5118240158007896
SRR3992623,external_ancient,76,0.9384155095163625
SRR3992624,external_ancient,76,0.9236608168903292
SRR3992625,external_ancient,76,0.5594199360188659
SRR3992626,external_ancient,76,0.9455011688909106
SRR3992627,external_ancient,76,0.8571373974588808
SRR3992628,external_ancient,76,0.8877068452277361
SRR3992629,external_ancient,76,0.6397801808839373
SRR3992630,external_ancient,76,0.8720658850941976
SRR5332455,external_ancient,64,0.6030196597450029
SRR5332456,external_ancient,101,0.2547347741782101
SRR5332457,external_ancient,49,0.3103078008787792
SRR5332458,external_ancient,60,0.5906656262872356
SRR5332459,external_ancient,67,0.7541289241897633
SRR5332460,external_ancient,101,0.26784753890586765
SRR5332461,external_ancient,101,0.14115885674907183
SRR5332462,external_ancient,58,0.3256059438102803
SRR5332463,external_ancient,101,0.04261431461402873
SRR5332464,external_ancient,39,0.1948045646886156
SRR5332465,external_ancient,48,0.41772012937055264
SRR5332466,external_ancient,54,0.4168305943489873
SRR7774469,external_ancient,125,0.1168786529653546
SRR7774470,external_ancient,125,0.48435900108891894
SRR7774471,external_ancient,125,0.17251293126137376
SRR7774472,external_ancient,125,0.8988124361145995
SRR7774473,external_ancient,125,0.9206797873044998
SRR7774474,external_ancient,125,0.8869311806536939
SRR7774475,external_ancient,125,0.9137128550855292
SRR7774476,external_ancient,125,0.5393375233743695
SRR7774477,external_ancient,125,0.8234345163083431
SRR7774478,external_ancient,125,0.9625936563743848
SRR7774479,external_ancient,125,0.9197390233860354
SRR8652706,external_ancient,75,0.9940212168554441
SRR8652707,external_ancient,75,0.9923922292518645
SRR8652708,external_ancient,75,0.9935820367299383
SRR8652709,external_ancient,75,0.9980372704902833
SRR8652710,external_ancient,75,0.9929224707129687
SRR8652711,external_ancient,75,0.993542686795811
SRR8652712,external_ancient,73,0.9961765292545206
SRR8652713,external_ancient,74,0.9983856096285182
SRR8652714,external_ancient,73,0.9987703663398894
SRR8652715,external_ancient,71,0.997393915435189
SRR8652716,external_ancient,74,0.998998653534654
SRR8652717,external_ancient,73,0.9991216980198365
SRR8731956,external_ancient,81,0.033949134971925005
SRR8731959,external_ancient,81,0.03936954180893554
SRR9900877,external_ancient,68,0.6635287056559344
SRR9900878,external_ancient,68,0.44028665476268936
SRR9900879,external_ancient,68,0.2583354427019377
SRR9900880,external_ancient,68,0.7252932729489339
SRR9900881,external_ancient,68,0.305817864231975
SRR9900882,external_ancient,68,0.7832598229820463
SRR9900883,external_ancient,68,0.33682049188552055
SRR9900884,external_ancient,68,0.3955922217427844
SRR9900885,external_ancient,68,0.09019466560843356
SRR9900886,external_ancient,68,0.34136569403151984
SRR9900887,external_ancient,68,0.2106401461986366
SRR9900888,external_ancient,68,0.5817326510414897
SRR9900889,external_ancient,68,0.3409770501392513
SRR9900890,external_ancient,68,0.5166759454880752
SRR9900891,external_ancient,68,0.2362570255797815
SRR9900892,external_ancient,68,0.04881774205785297
SRR9900893,external_ancient,68,0.19960936047794828
SRR9900894,external_ancient,68,0.8384604692840365
SRR9900895,external_ancient,68,0.5990023209616637
SRR9900896,external_ancient,68,0.6331443885258556
SRR9900902,external_ancient,68,0.6968914802782213
