cycle,A,T,G,C
1,0.46511627906976744,0.3078240490355147,0.11862267892554534,0.10843699296917253
2,0.33847124571840637,0.2969172525689562,0.1795565170362358,0.18505498467640166
3,0.3908418965206418,0.27122769064359115,0.1770326302505859,0.16089778258518117
4,0.369118442401298,0.2515774292410312,0.24905354245538128,0.13025058590228952
5,0.3493780421849648,0.2465296556697314,0.2476113214350099,0.15648098071029384
6,0.3520822065981612,0.315666125833784,0.16648638903912025,0.16576527852893455
7,0.35839192356228594,0.269875608436993,0.23039480800432666,0.14133765999639444
8,0.34036416080764376,0.25112673517216516,0.2467099332972778,0.16179917072291328
9,0.3479358211645935,0.3180097349918875,0.1660356949702542,0.16801874887326482
10,0.3568595637281413,0.2705967189471787,0.23589327564449253,0.1366504416801875
11,0.3364881918153957,0.26140255994231115,0.24806201550387597,0.15404723273841717
12,0.3448711014963043,0.3167477915990626,0.16892013701099692,0.1694609698936362
13,0.36371011357490535,0.2627546421489093,0.23562285920317289,0.13791238507301243
14,0.337479718766901,0.2547322877230936,0.24553812871822606,0.16224986479177933
15,0.34928790337119164,0.31737876329547504,0.16477375157742924,0.1685595817559041
16,0.35956372814133764,0.2631151974040022,0.23382008292770867,0.1435009915269515
17,0.34532179556517034,0.2550027041644132,0.24211285379484407,0.1575626464755724
18,0.3436992969172526,0.31791959617811427,0.16405264106724354,0.1743284658373896
19,0.3491977645574184,0.2759149089597981,0.23345952767261582,0.14142779881016765
20,0.33486569316747794,0.2609518658734451,0.24364521362898864,0.16053722733008832
21,0.3470344330268614,0.3194519560122589,0.16630611141157384,0.16720749954930594
22,0.3502794303226969,0.2718586623400036,0.23868757887146205,0.13917432846583738
23,0.337479718766901,0.26374616910041465,0.24355507481521543,0.1552190373174689
24,0.3477555435370471,0.3185505678745268,0.16143861546782046,0.17225527312060573
25,0.3557778979628628,0.2576167297638363,0.24112132684333873,0.14548404542996216
26,0.33964305029745806,0.2507661799170723,0.2449071570218136,0.16468361276365603
27,0.35532720389399675,0.3116098792139895,0.1670272219217595,0.1660356949702542
28,0.354155399314945,0.26708130521002343,0.23472147106544078,0.14404182440959076
29,0.3413556877591491,0.26446727961060035,0.246800072111051,0.14737696051919957
30,0.34802595997836666,0.32008292770867136,0.15981611681990265,0.17207499549305932
31,0.3563187308455021,0.27384171624301423,0.23273841716243016,0.13710113574905355
32,0.3386515233459528,0.25464214890932035,0.24319451956012259,0.16351180818460428
33,0.35190192897061473,0.3189111231296196,0.1653145844600685,0.16387236343969713
34,0.3592031728862448,0.2687939426717144,0.23463133225166757,0.13737155219037317
35,0.3346854155399315,0.25725617450874344,0.2458986839733189,0.16215972597800613
36,0.3531638723634397,0.31647737515774294,0.16297097530196503,0.16738777717685235
37,0.3549666486389039,0.26834324860284836,0.23715521903731746,0.13953488372093023
38,0.32936722552731207,0.25996033892193976,0.24941409771047413,0.16125833784027402
39,0.35361456643230577,0.3181900126194339,0.16062736614386156,0.16756805480439876
40,0.35640886965927526,0.2729403281052821,0.23291869478997657,0.13773210744546602
41,0.34234721471065443,0.25698575806742385,0.24121146565711196,0.1594555615648098
42,0.34514151793762393,0.32242653686677486,0.1667568054804399,0.16567513971516135
43,0.36389039120245176,0.2650081124932396,0.2273300883360375,0.14377140796827115
44,0.3382008292770867,0.25869839552911483,0.2482422931314224,0.15485848206237607
45,0.3529835947358933,0.3189111231296196,0.1610780602127276,0.1670272219217595
46,0.3609158103479358,0.26708130521002343,0.22922300342527493,0.1427798810167658
47,0.3395529114836849,0.26122228231476474,0.2449972958355868,0.15422751036596358
48,0.3486569316747792,0.3126915449792681,0.16206958716423292,0.17658193618171986
49,0.3593834505137912,0.2682531097890752,0.23048494681809986,0.1418784928790337
50,0.3449612403100775,0.2667207499549306,0.24121146565711196,0.14710654407787993
51,0.340454299621417,0.31611681990265006,0.1671173607355327,0.1763115197404002
52,0.35604831440418244,0.2629349197764557,0.2392284117541013,0.1417883540652605
53,0.3381106904633135,0.2668108887687038,0.2373354966648639,0.1577429241031188
54,0.3479358211645935,0.3240490355146926,0.165945556156481,0.16206958716423292
55,0.35749053542455383,0.27086713538849827,0.23508202632053363,0.13656030286641427
56,0.33666846944294215,0.2608617270596719,0.24175229853975122,0.16071750495763476
57,0.34514151793762393,0.3197223724535785,0.16648638903912025,0.1686497205696773
58,0.3530737335496665,0.27158824589868397,0.23436091581034793,0.1409771047413016
59,0.35018929150892375,0.2577068685776095,0.2357129980169461,0.15639084189652064
60,0.3486569316747792,0.3197223724535785,0.16279069767441862,0.16882999819722372
61,0.3581215071209663,0.27122769064359115,0.2299441139354606,0.14070668829998198
62,0.33612763656030287,0.2642870019830539,0.24229313142239048,0.15729223003425274
63,0.3532540111772129,0.3145844600685055,0.1662159725978006,0.165945556156481
64,0.3566792861005949,0.2669911663962502,0.2331891112312962,0.14314043627185866
65,0.34451054624121147,0.25428159365422753,0.24337479718766902,0.157833062916892
66,0.35550748152154316,0.3165675139715161,0.1661258337840274,0.16179917072291328
67,0.363980530016225,0.26834324860284836,0.22859203172886244,0.13908418965206418
68,0.3454119343789436,0.2561745087434649,0.23886785649900846,0.159545700378583
69,0.35694970254191455,0.30917613124211285,0.16215972597800613,0.17171444023796648
70,0.3632594195060393,0.2675319992788895,0.2273300883360375,0.1418784928790337
71,0.33775013520822067,0.2642870019830539,0.24265368667748333,0.15530917613124212
72,0.3433387416621597,0.32332792500450697,0.16720749954930594,0.1661258337840274
73,0.35731025779700737,0.268613665044168,0.23363980530016226,0.14043627185866234
74,0.34685415539931497,0.2629349197764557,0.238236884802596,0.1519740400216333
75,0.34360915810347936,0.32332792500450697,0.16468361276365603,0.16837930412835767
