analysis_accession	status	match_method	AncientMetagenomeDir_accession	project_name
ERR10114878	matched	direct_accession	ERR10114878	Klapper2023
ERR10114879	matched	direct_accession	ERR10114879	Klapper2023
ERR10114880	matched	direct_accession	ERR10114880	Klapper2023
ERR10114881	matched	direct_accession	ERR10114881	Klapper2023
ERR10114882	matched	direct_accession	ERR10114882	Klapper2023
ERR10114883	matched	direct_accession	ERR10114883	Klapper2023
ERR10493277	matched	direct_accession	ERR10493277	Kjaer2022
ERR10493279	matched	direct_accession	ERR10493279	Kjaer2022
ERR10493281	matched	direct_accession	ERR10493281	Kjaer2022
ERR10493283	matched	direct_accession	ERR10493283	Kjaer2022
ERR10493285	matched	direct_accession	ERR10493285	Kjaer2022
ERR10493287	matched	direct_accession	ERR10493287	Kjaer2022
ERR10493289	matched	direct_accession	ERR10493289	Kjaer2022
ERR10493291	matched	direct_accession	ERR10493291	Kjaer2022
ERR10493292	matched	direct_accession	ERR10493292	Kjaer2022
ERR10493294	matched	direct_accession	ERR10493294	Kjaer2022
ERR10493297	matched	direct_accession	ERR10493297	Kjaer2022
ERR10493299	matched	direct_accession	ERR10493299	Kjaer2022
ERR10493301	matched	direct_accession	ERR10493301	Kjaer2022
ERR10493303	matched	direct_accession	ERR10493303	Kjaer2022
ERR10493304	matched	direct_accession	ERR10493304	Kjaer2022
ERR10493306	matched	direct_accession	ERR10493306	Kjaer2022
ERR10493308	matched	direct_accession	ERR10493308	Kjaer2022
ERR10493310	matched	direct_accession	ERR10493310	Kjaer2022
ERR10493311	matched	direct_accession	ERR10493311	Kjaer2022
ERR10493312	matched	direct_accession	ERR10493312	Kjaer2022
ERR10493314	matched	direct_accession	ERR10493314	Kjaer2022
ERR10493316	matched	direct_accession	ERR10493316	Kjaer2022
ERR10493318	matched	direct_accession	ERR10493318	Kjaer2022
ERR10493320	matched	direct_accession	ERR10493320	Kjaer2022
ERR10493322	matched	direct_accession	ERR10493322	Kjaer2022
ERR10493324	matched	direct_accession	ERR10493324	Kjaer2022
ERR10493326	matched	direct_accession	ERR10493326	Kjaer2022
ERR10493328	matched	direct_accession	ERR10493328	Kjaer2022
ERR10493330	matched	direct_accession	ERR10493330	Kjaer2022
ERR10493332	matched	direct_accession	ERR10493332	Kjaer2022
ERR10493333	matched	direct_accession	ERR10493333	Kjaer2022
ERR10493334	matched	direct_accession	ERR10493334	Kjaer2022
ERR10493335	matched	direct_accession	ERR10493335	Kjaer2022
ERR10493336	matched	direct_accession	ERR10493336	Kjaer2022
ERR10493337	matched	direct_accession	ERR10493337	Kjaer2022
ERR10493338	matched	direct_accession	ERR10493338	Kjaer2022
ERR10493339	matched	direct_accession	ERR10493339	Kjaer2022
ERR10493340	matched	direct_accession	ERR10493340	Kjaer2022
ERR10493341	matched	direct_accession	ERR10493341	Kjaer2022
ERR10493343	matched	direct_accession	ERR10493343	Kjaer2022
ERR10493344	matched	direct_accession	ERR10493344	Kjaer2022
ERR10493345	matched	direct_accession	ERR10493345	Kjaer2022
ERR10493346	matched	direct_accession	ERR10493346	Kjaer2022
ERR10493347	matched	direct_accession	ERR10493347	Kjaer2022
ERR10493348	matched	direct_accession	ERR10493348	Kjaer2022
ERR10493349	matched	direct_accession	ERR10493349	Kjaer2022
ERR10493357	matched	direct_accession	ERR10493357	Kjaer2022
ERR10493358	matched	direct_accession	ERR10493358	Kjaer2022
ERR10493359	matched	direct_accession	ERR10493359	Kjaer2022
ERR10493360	matched	direct_accession	ERR10493360	Kjaer2022
ERR10493361	matched	direct_accession	ERR10493361	Kjaer2022
ERR10493362	matched	direct_accession	ERR10493362	Kjaer2022
ERR10493363	matched	direct_accession	ERR10493363	Kjaer2022
ERR10878152	matched	direct_accession	ERR10878152	Zampirolo2024
ERR10878153	matched	direct_accession	ERR10878153	Zampirolo2024
ERR10878154	matched	direct_accession	ERR10878154	Zampirolo2024
ERR10878155	matched	direct_accession	ERR10878155	Zampirolo2024
ERR10878156	matched	direct_accession	ERR10878156	Zampirolo2024
ERR10878157	matched	direct_accession	ERR10878157	Zampirolo2024
ERR10878158	matched	direct_accession	ERR10878158	Zampirolo2024
ERR10878159	matched	direct_accession	ERR10878159	Zampirolo2024
ERR10878160	matched	direct_accession	ERR10878160	Zampirolo2024
ERR10878162	matched	direct_accession	ERR10878162	Zampirolo2024
ERR10878163	matched	direct_accession	ERR10878163	Zampirolo2024
ERR12074344	matched	direct_accession	ERR12074344	Buchwald2024
ERR12074345	matched	direct_accession	ERR12074345	Buchwald2024
ERR12074346	matched	direct_accession	ERR12074346	Buchwald2024
ERR12074348	matched	direct_accession	ERR12074348	Buchwald2024
ERR12074349	matched	direct_accession	ERR12074349	Buchwald2024
ERR12074350	matched	direct_accession	ERR12074350	Buchwald2024
ERR12074351	matched	direct_accession	ERR12074351	Buchwald2024
ERR12074352	matched	direct_accession	ERR12074352	Buchwald2024
ERR12074353	matched	direct_accession	ERR12074353	Buchwald2024
ERR12074354	matched	direct_accession	ERR12074354	Buchwald2024
ERR12074356	matched	direct_accession	ERR12074356	Buchwald2024
ERR12074357	matched	direct_accession	ERR12074357	Buchwald2024
ERR12074358	matched	direct_accession	ERR12074358	Buchwald2024
ERR12074359	matched	direct_accession	ERR12074359	Buchwald2024
ERR12074360	matched	direct_accession	ERR12074360	Buchwald2024
ERR12074361	matched	direct_accession	ERR12074361	Buchwald2024
ERR12074362	matched	direct_accession	ERR12074362	Buchwald2024
ERR12074365	matched	direct_accession	ERR12074365	Buchwald2024
ERR12074366	matched	direct_accession	ERR12074366	Buchwald2024
ERR12074367	matched	direct_accession	ERR12074367	Buchwald2024
ERR12074369	matched	direct_accession	ERR12074369	Buchwald2024
ERR12074370	matched	direct_accession	ERR12074370	Buchwald2024
ERR12074372	matched	direct_accession	ERR12074372	Buchwald2024
ERR12074374	matched	direct_accession	ERR12074374	Buchwald2024
ERR12074376	matched	direct_accession	ERR12074376	Buchwald2024
ERR12074377	matched	direct_accession	ERR12074377	Buchwald2024
ERR12074378	matched	direct_accession	ERR12074378	Buchwald2024
ERR12074380	matched	direct_accession	ERR12074380	Buchwald2024
ERR12074382	matched	direct_accession	ERR12074382	Buchwald2024
ERR12074383	matched	direct_accession	ERR12074383	Buchwald2024
ERR12074384	matched	direct_accession	ERR12074384	Buchwald2024
ERR12074385	matched	direct_accession	ERR12074385	Buchwald2024
ERR12074386	matched	direct_accession	ERR12074386	Buchwald2024
ERR12074389	matched	direct_accession	ERR12074389	Buchwald2024
ERR12074390	matched	direct_accession	ERR12074390	Buchwald2024
ERR12074391	matched	direct_accession	ERR12074391	Buchwald2024
ERR12074392	matched	direct_accession	ERR12074392	Buchwald2024
ERR12074393	matched	direct_accession	ERR12074393	Buchwald2024
ERR12074394	matched	direct_accession	ERR12074394	Buchwald2024
ERR12074396	matched	direct_accession	ERR12074396	Buchwald2024
ERR12074397	matched	direct_accession	ERR12074397	Buchwald2024
ERR12074398	matched	direct_accession	ERR12074398	Buchwald2024
ERR12814413	matched	direct_accession	ERR12814413	Liu2024
ERR12814414	matched	direct_accession	ERR12814414	Liu2024
ERR12814415	matched	direct_accession	ERR12814415	Liu2024
ERR12814416	matched	direct_accession	ERR12814416	Liu2024
ERR12814417	matched	direct_accession	ERR12814417	Liu2024
ERR12814418	matched	direct_accession	ERR12814418	Liu2024
ERR12814419	matched	direct_accession	ERR12814419	Liu2024
ERR12814422	matched	direct_accession	ERR12814422	Liu2024
ERR12814423	matched	direct_accession	ERR12814423	Liu2024
ERR12814424	matched	direct_accession	ERR12814424	Liu2024
ERR12814425	matched	direct_accession	ERR12814425	Liu2024
ERR12814427	matched	direct_accession	ERR12814427	Liu2024
ERR12814428	matched	direct_accession	ERR12814428	Liu2024
ERR12814429	matched	direct_accession	ERR12814429	Liu2024
ERR12814430	matched	direct_accession	ERR12814430	Liu2024
ERR12814431	matched	direct_accession	ERR12814431	Liu2024
ERR12814432	matched	direct_accession	ERR12814432	Liu2024
ERR12814433	matched	direct_accession	ERR12814433	Liu2024
ERR12814434	matched	direct_accession	ERR12814434	Liu2024
ERR12814435	matched	direct_accession	ERR12814435	Liu2024
ERR12814436	matched	direct_accession	ERR12814436	Liu2024
ERR12814437	matched	direct_accession	ERR12814437	Liu2024
ERR12814438	matched	direct_accession	ERR12814438	Liu2024
ERR12814439	matched	direct_accession	ERR12814439	Liu2024
ERR12814440	matched	direct_accession	ERR12814440	Liu2024
ERR12814441	matched	download_link_accession	ERR12814442	Liu2024
ERR12814442	matched	direct_accession	ERR12814442	Liu2024
ERR12814443	matched	direct_accession	ERR12814443	Liu2024
ERR12814444	matched	direct_accession	ERR12814444	Liu2024
ERR12814446	matched	direct_accession	ERR12814446	Liu2024
ERR12814447	matched	direct_accession	ERR12814447	Liu2024
ERR12814448	matched	direct_accession	ERR12814448	Liu2024
ERR12814449	matched	direct_accession	ERR12814449	Liu2024
ERR12814450	matched	direct_accession	ERR12814450	Liu2024
ERR12814451	matched	download_link_accession	ERR12814452	Liu2024
ERR12814452	matched	direct_accession	ERR12814452	Liu2024
ERR12814453	matched	direct_accession	ERR12814453	Liu2024
ERR12814454	matched	direct_accession	ERR12814454	Liu2024
ERR12814456	matched	direct_accession	ERR12814456	Liu2024
ERR12814457	matched	direct_accession	ERR12814457	Liu2024
ERR12814458	matched	direct_accession	ERR12814458	Liu2024
ERR12814460	matched	direct_accession	ERR12814460	Liu2024
ERR12814461	matched	direct_accession	ERR12814461	Liu2024
ERR12814462	matched	direct_accession	ERR12814462	Liu2024
ERR12814463	matched	direct_accession	ERR12814463	Liu2024
ERR12814464	matched	direct_accession	ERR12814464	Liu2024
ERR12814465	matched	direct_accession	ERR12814465	Liu2024
ERR12814466	matched	download_link_accession	ERR12814467	Liu2024
ERR12814467	matched	direct_accession	ERR12814467	Liu2024
ERR12814468	matched	direct_accession	ERR12814468	Liu2024
ERR12814469	matched	direct_accession	ERR12814469	Liu2024
ERR12814471	matched	direct_accession	ERR12814471	Liu2024
ERR12814472	matched	direct_accession	ERR12814472	Liu2024
ERR12814473	matched	direct_accession	ERR12814473	Liu2024
ERR12814474	matched	direct_accession	ERR12814474	Liu2024
ERR12814475	matched	direct_accession	ERR12814475	Liu2024
ERR12814476	matched	direct_accession	ERR12814476	Liu2024
ERR13950600	matched	direct_accession	ERR13950600	vonHippel2025
ERR13950601	matched	direct_accession	ERR13950601	vonHippel2025
ERR13950606	matched	direct_accession	ERR13950606	vonHippel2025
ERR13950607	matched	direct_accession	ERR13950607	vonHippel2025
ERR13950608	matched	direct_accession	ERR13950608	vonHippel2025
ERR13950609	matched	direct_accession	ERR13950609	vonHippel2025
ERR13950611	matched	direct_accession	ERR13950611	vonHippel2025
ERR13950612	matched	direct_accession	ERR13950612	vonHippel2025
ERR13950613	matched	direct_accession	ERR13950613	vonHippel2025
ERR13950614	matched	direct_accession	ERR13950614	vonHippel2025
ERR13950615	matched	direct_accession	ERR13950615	vonHippel2025
ERR13950620	matched	direct_accession	ERR13950620	vonHippel2025
ERR13950621	matched	direct_accession	ERR13950621	vonHippel2025
ERR13950622	matched	direct_accession	ERR13950622	vonHippel2025
ERR13950623	matched	direct_accession	ERR13950623	vonHippel2025
ERR13950624	matched	direct_accession	ERR13950624	vonHippel2025
ERR13950625	matched	direct_accession	ERR13950625	vonHippel2025
ERR13950627	matched	direct_accession	ERR13950627	vonHippel2025
ERR13950628	matched	direct_accession	ERR13950628	vonHippel2025
ERR13950629	matched	direct_accession	ERR13950629	vonHippel2025
ERR13950630	matched	direct_accession	ERR13950630	vonHippel2025
ERR13950631	matched	direct_accession	ERR13950631	vonHippel2025
ERR13950632	matched	direct_accession	ERR13950632	vonHippel2025
ERR13950633	matched	direct_accession	ERR13950633	vonHippel2025
ERR13950634	matched	direct_accession	ERR13950634	vonHippel2025
ERR13950635	matched	direct_accession	ERR13950635	vonHippel2025
ERR13950637	matched	direct_accession	ERR13950637	vonHippel2025
ERR13950638	matched	direct_accession	ERR13950638	vonHippel2025
ERR13950639	matched	direct_accession	ERR13950639	vonHippel2025
ERR13950640	matched	direct_accession	ERR13950640	vonHippel2025
ERR13950641	matched	direct_accession	ERR13950641	vonHippel2025
ERR13950642	matched	direct_accession	ERR13950642	vonHippel2025
ERR13950643	matched	direct_accession	ERR13950643	vonHippel2025
ERR13950644	matched	direct_accession	ERR13950644	vonHippel2025
ERR13950646	matched	direct_accession	ERR13950646	vonHippel2025
ERR13950647	matched	direct_accession	ERR13950647	vonHippel2025
ERR13950648	matched	direct_accession	ERR13950648	vonHippel2025
ERR13950649	matched	direct_accession	ERR13950649	vonHippel2025
ERR13950650	matched	direct_accession	ERR13950650	vonHippel2025
ERR13950653	matched	direct_accession	ERR13950653	vonHippel2025
ERR13950654	matched	direct_accession	ERR13950654	vonHippel2025
ERR13950655	matched	direct_accession	ERR13950655	vonHippel2025
ERR13950658	matched	direct_accession	ERR13950658	vonHippel2025
ERR13950659	matched	direct_accession	ERR13950659	vonHippel2025
ERR13950660	matched	direct_accession	ERR13950660	vonHippel2025
ERR13950661	matched	direct_accession	ERR13950661	vonHippel2025
ERR13950662	matched	direct_accession	ERR13950662	vonHippel2025
ERR13950663	matched	direct_accession	ERR13950663	vonHippel2025
ERR13950664	matched	direct_accession	ERR13950664	vonHippel2025
ERR13950665	matched	direct_accession	ERR13950665	vonHippel2025
ERR13950666	matched	direct_accession	ERR13950666	vonHippel2025
ERR13950667	matched	direct_accession	ERR13950667	vonHippel2025
ERR13950668	matched	direct_accession	ERR13950668	vonHippel2025
ERR13950669	matched	direct_accession	ERR13950669	vonHippel2025
ERR13950670	matched	direct_accession	ERR13950670	vonHippel2025
ERR13950671	matched	direct_accession	ERR13950671	vonHippel2025
ERR13950673	matched	direct_accession	ERR13950673	vonHippel2025
ERR13950674	matched	direct_accession	ERR13950674	vonHippel2025
ERR1560012	matched	direct_accession	ERR1560012	Pedersen2016
ERR1560013	matched	direct_accession	ERR1560013	Pedersen2016
ERR1560014	matched	direct_accession	ERR1560014	Pedersen2016
ERR1560015	matched	direct_accession	ERR1560015	Pedersen2016
ERR1560016	matched	direct_accession	ERR1560016	Pedersen2016
ERR1560017	matched	direct_accession	ERR1560017	Pedersen2016
ERR1560018	matched	direct_accession	ERR1560018	Pedersen2016
ERR1560019	matched	direct_accession	ERR1560019	Pedersen2016
ERR1560020	matched	direct_accession	ERR1560020	Pedersen2016
ERR1560021	matched	direct_accession	ERR1560021	Pedersen2016
ERR1560022	matched	direct_accession	ERR1560022	Pedersen2016
ERR1560023	matched	direct_accession	ERR1560023	Pedersen2016
ERR1560024	matched	direct_accession	ERR1560024	Pedersen2016
ERR1560025	matched	direct_accession	ERR1560025	Pedersen2016
ERR1560093	matched	direct_accession	ERR1560093	Pedersen2016
ERR1560094	matched	direct_accession	ERR1560094	Pedersen2016
ERR1560095	matched	direct_accession	ERR1560095	Pedersen2016
ERR1560096	matched	direct_accession	ERR1560096	Pedersen2016
ERR1560097	matched	direct_accession	ERR1560097	Pedersen2016
ERR1560098	matched	direct_accession	ERR1560098	Pedersen2016
ERR1560099	matched	direct_accession	ERR1560099	Pedersen2016
ERR1560100	matched	direct_accession	ERR1560100	Pedersen2016
ERR1560101	matched	direct_accession	ERR1560101	Pedersen2016
ERR1560102	matched	direct_accession	ERR1560102	Pedersen2016
ERR1560103	matched	direct_accession	ERR1560103	Pedersen2016
ERR1560104	matched	direct_accession	ERR1560104	Pedersen2016
ERR1560105	matched	direct_accession	ERR1560105	Pedersen2016
ERR1560106	matched	direct_accession	ERR1560106	Pedersen2016
ERR1560107	matched	direct_accession	ERR1560107	Pedersen2016
ERR1560108	matched	direct_accession	ERR1560108	Pedersen2016
ERR1560109	matched	direct_accession	ERR1560109	Pedersen2016
ERR1560110	matched	direct_accession	ERR1560110	Pedersen2016
ERR1883403	matched	direct_accession	ERR1883403	Slon2017
ERR1883404	matched	direct_accession	ERR1883404	Slon2017
ERR1883406	matched	direct_accession	ERR1883406	Slon2017
ERR1883408	matched	direct_accession	ERR1883408	Slon2017
ERR1883413	matched	direct_accession	ERR1883413	Slon2017
ERR1883415	matched	direct_accession	ERR1883415	Slon2017
ERR1883416	matched	direct_accession	ERR1883416	Slon2017
ERR1883418	matched	direct_accession	ERR1883418	Slon2017
ERR1883419	matched	direct_accession	ERR1883419	Slon2017
ERR1883420	matched	direct_accession	ERR1883420	Slon2017
ERR1883421	matched	direct_accession	ERR1883421	Slon2017
ERR1883422	matched	direct_accession	ERR1883422	Slon2017
ERR1883423	matched	direct_accession	ERR1883423	Slon2017
ERR1883424	matched	direct_accession	ERR1883424	Slon2017
ERR1883426	matched	direct_accession	ERR1883426	Slon2017
ERR1883427	matched	direct_accession	ERR1883427	Slon2017
ERR1883428	matched	direct_accession	ERR1883428	Slon2017
ERR1883429	matched	direct_accession	ERR1883429	Slon2017
ERR1883430	matched	direct_accession	ERR1883430	Slon2017
ERR1883431	matched	direct_accession	ERR1883431	Slon2017
ERR1883433	matched	direct_accession	ERR1883433	Slon2017
ERR1883435	matched	direct_accession	ERR1883435	Slon2017
ERR1883436	matched	direct_accession	ERR1883436	Slon2017
ERR1883437	matched	direct_accession	ERR1883437	Slon2017
ERR1883438	matched	direct_accession	ERR1883438	Slon2017
ERR1883439	matched	direct_accession	ERR1883439	Slon2017
ERR1883440	matched	direct_accession	ERR1883440	Slon2017
ERR1883450	matched	direct_accession	ERR1883450	Slon2017
ERR1883451	matched	direct_accession	ERR1883451	Slon2017
ERR1883452	matched	direct_accession	ERR1883452	Slon2017
ERR1883453	matched	direct_accession	ERR1883453	Slon2017
ERR1883454	matched	direct_accession	ERR1883454	Slon2017
ERR1883455	matched	direct_accession	ERR1883455	Slon2017
ERR1883456	matched	direct_accession	ERR1883456	Slon2017
ERR1883458	matched	direct_accession	ERR1883458	Slon2017
ERR1883461	matched	direct_accession	ERR1883461	Slon2017
ERR1883462	matched	direct_accession	ERR1883462	Slon2017
ERR1883463	matched	direct_accession	ERR1883463	Slon2017
ERR1883465	matched	direct_accession	ERR1883465	Slon2017
ERR1883468	matched	direct_accession	ERR1883468	Slon2017
ERR1883469	matched	direct_accession	ERR1883469	Slon2017
ERR1883470	matched	direct_accession	ERR1883470	Slon2017
ERR1883473	matched	direct_accession	ERR1883473	Slon2017
ERR1883474	matched	direct_accession	ERR1883474	Slon2017
ERR1883475	matched	direct_accession	ERR1883475	Slon2017
ERR1883477	matched	direct_accession	ERR1883477	Slon2017
ERR1883478	matched	direct_accession	ERR1883478	Slon2017
ERR1883479	matched	direct_accession	ERR1883479	Slon2017
ERR1883480	matched	direct_accession	ERR1883480	Slon2017
ERR1883481	matched	direct_accession	ERR1883481	Slon2017
ERR1883486	matched	direct_accession	ERR1883486	Slon2017
ERR1894879	matched	direct_accession	ERR1894879	DerSarkissian2016
ERR1894880	matched	direct_accession	ERR1894880	DerSarkissian2016
ERR1894881	matched	direct_accession	ERR1894881	DerSarkissian2016
ERR1894882	matched	direct_accession	ERR1894882	DerSarkissian2016
ERR1894900	matched	direct_accession	ERR1894900	DerSarkissian2016
ERR1894901	matched	direct_accession	ERR1894901	DerSarkissian2016
ERR1894902	matched	direct_accession	ERR1894902	DerSarkissian2016
ERR1894903	matched	direct_accession	ERR1894903	DerSarkissian2016
ERR1894904	matched	direct_accession	ERR1894904	DerSarkissian2016
ERR1894905	matched	direct_accession	ERR1894905	DerSarkissian2016
ERR1894906	matched	direct_accession	ERR1894906	DerSarkissian2016
ERR1894907	matched	direct_accession	ERR1894907	DerSarkissian2016
ERR1894908	matched	direct_accession	ERR1894908	DerSarkissian2016
ERR1894909	matched	direct_accession	ERR1894909	DerSarkissian2016
ERR1894910	matched	direct_accession	ERR1894910	DerSarkissian2016
ERR1894911	matched	direct_accession	ERR1894911	DerSarkissian2016
ERR1894912	matched	direct_accession	ERR1894912	DerSarkissian2016
ERR1894913	matched	direct_accession	ERR1894913	DerSarkissian2016
ERR1894914	matched	direct_accession	ERR1894914	DerSarkissian2016
ERR1894915	matched	direct_accession	ERR1894915	DerSarkissian2016
ERR1894916	matched	direct_accession	ERR1894916	DerSarkissian2016
ERR1894917	matched	direct_accession	ERR1894917	DerSarkissian2016
ERR1894918	matched	direct_accession	ERR1894918	DerSarkissian2016
ERR1894919	matched	direct_accession	ERR1894919	DerSarkissian2016
ERR3458788	matched	direct_accession	ERR3458788	Gaffney2020
ERR3458790	matched	direct_accession	ERR3458790	Gaffney2020
ERR3458791	matched	direct_accession	ERR3458791	Gaffney2020
ERR3458792	matched	direct_accession	ERR3458792	Gaffney2020
ERR3459718	matched	direct_accession	ERR3459718	Gaffney2020
ERR3459719	matched	direct_accession	ERR3459719	Gaffney2020
ERR3459720	matched	direct_accession	ERR3459720	Gaffney2020
ERR3459723	matched	direct_accession	ERR3459723	Gaffney2020
ERR3459724	matched	direct_accession	ERR3459724	Gaffney2020
ERR3459725	matched	direct_accession	ERR3459725	Gaffney2020
ERR3459727	matched	direct_accession	ERR3459727	Gaffney2020
ERR3459728	matched	direct_accession	ERR3459728	Gaffney2020
ERR3459729	matched	direct_accession	ERR3459729	Gaffney2020
ERR3459730	matched	direct_accession	ERR3459730	Gaffney2020
ERR3459731	matched	direct_accession	ERR3459731	Gaffney2020
ERR3459732	matched	direct_accession	ERR3459732	Gaffney2020
ERR3459733	matched	direct_accession	ERR3459733	Gaffney2020
ERR3459735	matched	direct_accession	ERR3459735	Gaffney2020
ERR3459736	matched	direct_accession	ERR3459736	Gaffney2020
ERR3459741	matched	direct_accession	ERR3459741	Gaffney2020
ERR3459742	matched	direct_accession	ERR3459742	Gaffney2020
ERR3459743	matched	direct_accession	ERR3459743	Gaffney2020
ERR3459744	matched	direct_accession	ERR3459744	Gaffney2020
ERR3761400	matched	direct_accession	ERR3761400	Borry2020
ERR3761401	matched	direct_accession	ERR3761401	Borry2020
ERR3761402	matched	direct_accession	ERR3761402	Borry2020
ERR3761403	matched	direct_accession	ERR3761403	Borry2020
ERR3761404	matched	direct_accession	ERR3761404	Borry2020
ERR3761405	matched	direct_accession	ERR3761405	Borry2020
ERR3761406	matched	direct_accession	ERR3761406	Borry2020
ERR3772643	matched	direct_accession	ERR3772643	Schulte2021
ERR3772644	matched	direct_accession	ERR3772644	Schulte2021
ERR3772645	matched	direct_accession	ERR3772645	Schulte2021
ERR3804373	matched	direct_accession	ERR3804373	Iwanska2022
ERR3804374	matched	direct_accession	ERR3804374	Iwanska2022
ERR3804375	matched	direct_accession	ERR3804375	Iwanska2022
ERR3804376	matched	direct_accession	ERR3804376	Iwanska2022
ERR3804377	matched	direct_accession	ERR3804377	Iwanska2022
ERR3804378	matched	direct_accession	ERR3804378	Iwanska2022
ERR4128915	matched	direct_accession	ERR4128915	Lammers2021
ERR4128916	matched	direct_accession	ERR4128916	Lammers2021
ERR4128917	matched	direct_accession	ERR4128917	Lammers2021
ERR4128918	matched	direct_accession	ERR4128918	Lammers2021
ERR4334727	matched	direct_accession	ERR4334727	Iwanska2022
ERR4334728	matched	direct_accession	ERR4334728	Iwanska2022
ERR4334729	matched	direct_accession	ERR4334729	Iwanska2022
ERR4334730	matched	direct_accession	ERR4334730	Iwanska2022
ERR4334731	matched	direct_accession	ERR4334731	Iwanska2022
ERR4334732	matched	direct_accession	ERR4334732	Iwanska2022
ERR4334733	matched	direct_accession	ERR4334733	Iwanska2022
ERR4334734	matched	direct_accession	ERR4334734	Iwanska2022
ERR4334735	matched	direct_accession	ERR4334735	Iwanska2022
ERR4334736	matched	direct_accession	ERR4334736	Iwanska2022
ERR4426516	matched	direct_accession	ERR4426516	Ardelean2020
ERR4426517	matched	direct_accession	ERR4426517	Ardelean2020
ERR4426518	matched	direct_accession	ERR4426518	Ardelean2020
ERR4426519	matched	direct_accession	ERR4426519	Ardelean2020
ERR4426520	matched	direct_accession	ERR4426520	Ardelean2020
ERR4426521	matched	direct_accession	ERR4426521	Ardelean2020
ERR4426522	matched	direct_accession	ERR4426522	Ardelean2020
ERR4426523	matched	direct_accession	ERR4426523	Ardelean2020
ERR4426524	matched	direct_accession	ERR4426524	Ardelean2020
ERR4426525	matched	direct_accession	ERR4426525	Ardelean2020
ERR4426526	matched	direct_accession	ERR4426526	Ardelean2020
ERR4426527	matched	direct_accession	ERR4426527	Ardelean2020
ERR4426529	matched	direct_accession	ERR4426529	Ardelean2020
ERR4426530	matched	direct_accession	ERR4426530	Ardelean2020
ERR4426531	matched	direct_accession	ERR4426531	Ardelean2020
ERR4426532	matched	direct_accession	ERR4426532	Ardelean2020
ERR4426533	matched	direct_accession	ERR4426533	Ardelean2020
ERR4426534	matched	direct_accession	ERR4426534	Ardelean2020
ERR4426535	matched	direct_accession	ERR4426535	Ardelean2020
ERR4426536	matched	direct_accession	ERR4426536	Ardelean2020
ERR4426537	matched	direct_accession	ERR4426537	Ardelean2020
ERR4426538	matched	direct_accession	ERR4426538	Ardelean2020
ERR4426539	matched	direct_accession	ERR4426539	Ardelean2020
ERR4426540	matched	direct_accession	ERR4426540	Ardelean2020
ERR4426541	matched	direct_accession	ERR4426541	Ardelean2020
ERR4426542	matched	direct_accession	ERR4426542	Ardelean2020
ERR4426543	matched	direct_accession	ERR4426543	Ardelean2020
ERR4426545	matched	direct_accession	ERR4426545	Ardelean2020
ERR4426546	matched	direct_accession	ERR4426546	Ardelean2020
ERR4426547	matched	direct_accession	ERR4426547	Ardelean2020
ERR4426548	matched	direct_accession	ERR4426548	Ardelean2020
ERR4426549	matched	direct_accession	ERR4426549	Ardelean2020
ERR4426550	matched	direct_accession	ERR4426550	Ardelean2020
ERR4426552	matched	direct_accession	ERR4426552	Ardelean2020
ERR4903906	matched	direct_accession	ERR4903906	Rampelli2021
ERR4903907	matched	direct_accession	ERR4903907	Rampelli2021
ERR4903908	matched	direct_accession	ERR4903908	Rampelli2021
ERR4903909	matched	direct_accession	ERR4903909	Rampelli2021
ERR4903910	matched	direct_accession	ERR4903910	Rampelli2021
ERR4903911	matched	direct_accession	ERR4903911	Rampelli2021
ERR4903912	matched	direct_accession	ERR4903912	Rampelli2021
ERR4903913	matched	direct_accession	ERR4903913	Rampelli2021
ERR4903914	matched	direct_accession	ERR4903914	Rampelli2021
ERR4903915	matched	direct_accession	ERR4903915	Rampelli2021
ERR4903916	matched	direct_accession	ERR4903916	Rampelli2021
ERR4903917	matched	direct_accession	ERR4903917	Rampelli2021
ERR4903918	matched	direct_accession	ERR4903918	Rampelli2021
ERR4903919	matched	direct_accession	ERR4903919	Rampelli2021
ERR567364	matched	direct_accession	ERR567364	Smith2015
ERR567365	matched	direct_accession	ERR567365	Smith2015
ERR567366	matched	direct_accession	ERR567366	Smith2015
ERR567367	matched	direct_accession	ERR567367	Smith2015
ERR6024164	matched	direct_accession	ERR6024164	Gelabert2021
ERR6430820	matched	direct_accession	ERR6430820	Zimmermann2023
ERR6430821	matched	direct_accession	ERR6430821	Zimmermann2023
ERR6430822	matched	direct_accession	ERR6430822	Zimmermann2023
ERR6430823	matched	direct_accession	ERR6430823	Zimmermann2023
ERR6430825	matched	direct_accession	ERR6430825	Zimmermann2023
ERR6430828	matched	direct_accession	ERR6430828	Zimmermann2023
ERR6430830	matched	direct_accession	ERR6430830	Zimmermann2023
ERR6430831	matched	direct_accession	ERR6430831	Zimmermann2023
ERR6430832	matched	direct_accession	ERR6430832	Zimmermann2023
ERR6430833	matched	direct_accession	ERR6430833	Zimmermann2023
ERR6430834	matched	direct_accession	ERR6430834	Zimmermann2023
ERR6430836	matched	direct_accession	ERR6430836	Zimmermann2023
ERR6430838	matched	direct_accession	ERR6430838	Zimmermann2023
ERR6430839	matched	direct_accession	ERR6430839	Zimmermann2023
ERR6430840	matched	direct_accession	ERR6430840	Zimmermann2023
ERR6430841	matched	direct_accession	ERR6430841	Zimmermann2023
ERR6430842	matched	direct_accession	ERR6430842	Zimmermann2023
ERR6430843	matched	direct_accession	ERR6430843	Zimmermann2023
ERR6430845	matched	direct_accession	ERR6430845	Zimmermann2023
ERR6430846	matched	direct_accession	ERR6430846	Zimmermann2023
ERR6430847	matched	direct_accession	ERR6430847	Zimmermann2023
ERR6430848	matched	direct_accession	ERR6430848	Zimmermann2023
ERR6430849	matched	direct_accession	ERR6430849	Zimmermann2023
ERR6430850	matched	direct_accession	ERR6430850	Zimmermann2023
ERR6430851	matched	direct_accession	ERR6430851	Zimmermann2023
ERR6857195	matched	direct_accession	ERR6857195	Rigou2022
ERR6862847	matched	direct_accession	ERR6862847	Rigou2022
ERR6862848	matched	direct_accession	ERR6862848	Rigou2022
ERR6862849	matched	direct_accession	ERR6862849	Rigou2022
ERR6862850	matched	direct_accession	ERR6862850	Rigou2022
ERR6862851	matched	direct_accession	ERR6862851	Rigou2022
ERR6862852	matched	direct_accession	ERR6862852	Rigou2022
ERR6862853	matched	direct_accession	ERR6862853	Rigou2022
ERR6862854	matched	direct_accession	ERR6862854	Rigou2022
ERR9465622	matched	direct_accession	ERR9465622	Nwosu2023
ERR9465623	matched	direct_accession	ERR9465623	Nwosu2023
ERR9465624	matched	direct_accession	ERR9465624	Nwosu2023
ERR9465625	matched	direct_accession	ERR9465625	Nwosu2023
ERR9465626	matched	direct_accession	ERR9465626	Nwosu2023
ERR9465627	matched	direct_accession	ERR9465627	Nwosu2023
ERR9465628	matched	direct_accession	ERR9465628	Nwosu2023
ERR9465629	matched	direct_accession	ERR9465629	Nwosu2023
ERR9465630	matched	direct_accession	ERR9465630	Nwosu2023
ERR9465631	matched	direct_accession	ERR9465631	Nwosu2023
ERR9465632	matched	direct_accession	ERR9465632	Nwosu2023
ERR9690357	matched	direct_accession	ERR9690357	Courtin2022
ERR9690358	matched	direct_accession	ERR9690358	Courtin2022
ERR9690359	matched	direct_accession	ERR9690359	Courtin2022
ERR9690360	matched	direct_accession	ERR9690360	Courtin2022
ERR9690361	matched	direct_accession	ERR9690361	Courtin2022
ERR9690362	matched	direct_accession	ERR9690362	Courtin2022
ERR9690363	matched	direct_accession	ERR9690363	Courtin2022
ERR9690364	matched	direct_accession	ERR9690364	Courtin2022
ERR9690365	matched	direct_accession	ERR9690365	Courtin2022
ERR9690366	matched	direct_accession	ERR9690366	Courtin2022
SRR10156707	matched	direct_accession	SRR10156707	Dommain2020
SRR10156708	matched	direct_accession	SRR10156708	Dommain2020
SRR10156709	matched	direct_accession	SRR10156709	Dommain2020
SRR10156710	matched	direct_accession	SRR10156710	Dommain2020
SRR10156713	matched	direct_accession	SRR10156713	Dommain2020
SRR10156724	matched	direct_accession	SRR10156724	Dommain2020
SRR10156735	matched	direct_accession	SRR10156735	Dommain2020
SRR10156737	matched	direct_accession	SRR10156737	Dommain2020
SRR10156738	matched	direct_accession	SRR10156738	Dommain2020
SRR10156739	matched	direct_accession	SRR10156739	Dommain2020
SRR10156740	matched	direct_accession	SRR10156740	Dommain2020
SRR10156741	matched	direct_accession	SRR10156741	Dommain2020
SRR10156742	matched	direct_accession	SRR10156742	Dommain2020
SRR10156743	matched	direct_accession	SRR10156743	Dommain2020
SRR10156744	matched	direct_accession	SRR10156744	Dommain2020
SRR10156745	matched	direct_accession	SRR10156745	Dommain2020
SRR10156746	matched	direct_accession	SRR10156746	Dommain2020
SRR10156747	matched	direct_accession	SRR10156747	Dommain2020
SRR10156748	matched	direct_accession	SRR10156748	Dommain2020
SRR10156749	matched	direct_accession	SRR10156749	Dommain2020
SRR10156750	matched	direct_accession	SRR10156750	Dommain2020
SRR10156751	matched	direct_accession	SRR10156751	Dommain2020
SRR10156752	matched	direct_accession	SRR10156752	Dommain2020
SRR10156753	matched	direct_accession	SRR10156753	Dommain2020
SRR10156754	matched	direct_accession	SRR10156754	Dommain2020
SRR10156755	matched	direct_accession	SRR10156755	Dommain2020
SRR10156756	matched	direct_accession	SRR10156756	Dommain2020
SRR10156757	matched	direct_accession	SRR10156757	Dommain2020
SRR10156758	matched	direct_accession	SRR10156758	Dommain2020
SRR12557702	matched	direct_accession	SRR12557702	Wibowo2021
SRR12557703	matched	direct_accession	SRR12557703	Wibowo2021
SRR12557732	matched	direct_accession	SRR12557732	Wibowo2021
SRR13106729	matched	direct_accession	SRR13106729	Liang2021
SRR13106730	matched	direct_accession	SRR13106730	Liang2021
SRR13106731	matched	direct_accession	SRR13106731	Liang2021
SRR13106732	matched	direct_accession	SRR13106732	Liang2021
SRR13106733	matched	direct_accession	SRR13106733	Liang2021
SRR13106734	matched	direct_accession	SRR13106734	Liang2021
SRR13106735	matched	direct_accession	SRR13106735	Liang2021
SRR13106736	matched	direct_accession	SRR13106736	Liang2021
SRR13106737	matched	direct_accession	SRR13106737	Liang2021
SRR13106738	matched	direct_accession	SRR13106738	Liang2021
SRR13106739	matched	direct_accession	SRR13106739	Liang2021
SRR13106740	matched	direct_accession	SRR13106740	Liang2021
SRR16071515	matched	direct_accession	SRR16071515	Armbrecht2021
SRR16071516	matched	direct_accession	SRR16071516	Armbrecht2021
SRR16071517	matched	direct_accession	SRR16071517	Armbrecht2021
SRR16071520	matched	direct_accession	SRR16071520	Armbrecht2021
SRR16071521	matched	direct_accession	SRR16071521	Armbrecht2021
SRR17651668	matched	direct_accession	SRR17651668	Perez2022
SRR17651669	matched	direct_accession	SRR17651669	Perez2022
SRR17651670	matched	direct_accession	SRR17651670	Perez2022
SRR17651671	matched	direct_accession	SRR17651671	Perez2022
SRR17651672	matched	direct_accession	SRR17651672	Perez2022
SRR17651673	matched	direct_accession	SRR17651673	Perez2022
SRR17651674	matched	direct_accession	SRR17651674	Perez2022
SRR17651684	matched	direct_accession	SRR17651684	Perez2022
SRR17651685	matched	direct_accession	SRR17651685	Perez2022
SRR17651686	matched	direct_accession	SRR17651686	Perez2022
SRR17651687	matched	direct_accession	SRR17651687	Perez2022
SRR17651688	matched	direct_accession	SRR17651688	Perez2022
SRR17651689	matched	direct_accession	SRR17651689	Perez2022
SRR17651690	matched	direct_accession	SRR17651690	Perez2022
SRR17651691	matched	direct_accession	SRR17651691	Perez2022
SRR17651692	matched	direct_accession	SRR17651692	Perez2022
SRR17651693	matched	direct_accession	SRR17651693	Perez2022
SRR17651694	matched	direct_accession	SRR17651694	Perez2022
SRR17651695	matched	direct_accession	SRR17651695	Perez2022
SRR17651696	matched	direct_accession	SRR17651696	Perez2022
SRR20576738	matched	direct_accession	SRR20576738	Armbrecht2022
SRR20576739	matched	direct_accession	SRR20576739	Armbrecht2022
SRR20576742	matched	direct_accession	SRR20576742	Armbrecht2022
SRR20576743	matched	direct_accession	SRR20576743	Armbrecht2022
SRR20576744	matched	direct_accession	SRR20576744	Armbrecht2022
SRR20576745	matched	direct_accession	SRR20576745	Armbrecht2022
SRR20576746	matched	direct_accession	SRR20576746	Armbrecht2022
SRR20576747	matched	direct_accession	SRR20576747	Armbrecht2022
SRR20576748	matched	direct_accession	SRR20576748	Armbrecht2022
SRR20576749	matched	direct_accession	SRR20576749	Armbrecht2022
SRR20576750	matched	direct_accession	SRR20576750	Armbrecht2022
SRR20576751	matched	direct_accession	SRR20576751	Armbrecht2022
SRR20576752	matched	direct_accession	SRR20576752	Armbrecht2022
SRR20576754	matched	direct_accession	SRR20576754	Armbrecht2022
SRR20576755	matched	direct_accession	SRR20576755	Armbrecht2022
SRR20576756	matched	direct_accession	SRR20576756	Armbrecht2022
SRR20576757	matched	direct_accession	SRR20576757	Armbrecht2022
SRR20576758	matched	direct_accession	SRR20576758	Armbrecht2022
SRR20576759	matched	direct_accession	SRR20576759	Armbrecht2022
SRR20576760	matched	direct_accession	SRR20576760	Armbrecht2022
SRR20576761	matched	direct_accession	SRR20576761	Armbrecht2022
SRR20576762	matched	direct_accession	SRR20576762	Armbrecht2022
SRR20576763	matched	direct_accession	SRR20576763	Armbrecht2022
SRR20576764	matched	direct_accession	SRR20576764	Armbrecht2022
SRR20576765	matched	direct_accession	SRR20576765	Armbrecht2022
SRR20576766	matched	direct_accession	SRR20576766	Armbrecht2022
SRR20576767	matched	direct_accession	SRR20576767	Armbrecht2022
SRR20576768	matched	direct_accession	SRR20576768	Armbrecht2022
SRR20576769	matched	direct_accession	SRR20576769	Armbrecht2022
SRR20576770	matched	direct_accession	SRR20576770	Armbrecht2022
SRR20576771	matched	direct_accession	SRR20576771	Armbrecht2022
SRR20576772	matched	direct_accession	SRR20576772	Armbrecht2022
SRR20576773	matched	direct_accession	SRR20576773	Armbrecht2022
SRR20576774	matched	direct_accession	SRR20576774	Armbrecht2022
SRR20576775	matched	direct_accession	SRR20576775	Armbrecht2022
SRR20576776	matched	direct_accession	SRR20576776	Armbrecht2022
SRR20576779	matched	direct_accession	SRR20576779	Armbrecht2022
SRR20576780	matched	direct_accession	SRR20576780	Armbrecht2022
SRR20576781	matched	direct_accession	SRR20576781	Armbrecht2022
SRR20576782	matched	direct_accession	SRR20576782	Armbrecht2022
SRR20576783	matched	direct_accession	SRR20576783	Armbrecht2022
SRR20576785	matched	direct_accession	SRR20576785	Armbrecht2022
SRR20576786	matched	direct_accession	SRR20576786	Armbrecht2022
SRR20576787	matched	direct_accession	SRR20576787	Armbrecht2022
SRR20576794	matched	direct_accession	SRR20576794	Armbrecht2022
SRR20576795	matched	direct_accession	SRR20576795	Armbrecht2022
SRR20576796	matched	direct_accession	SRR20576796	Armbrecht2022
SRR20576797	matched	direct_accession	SRR20576797	Armbrecht2022
SRR20576798	matched	direct_accession	SRR20576798	Armbrecht2022
SRR20576799	matched	direct_accession	SRR20576799	Armbrecht2022
SRR20576800	matched	direct_accession	SRR20576800	Armbrecht2022
SRR20576802	matched	direct_accession	SRR20576802	Armbrecht2022
SRR20576803	matched	direct_accession	SRR20576803	Armbrecht2022
SRR20576805	matched	direct_accession	SRR20576805	Armbrecht2022
SRR20576807	matched	direct_accession	SRR20576807	Armbrecht2022
SRR20576808	matched	direct_accession	SRR20576808	Armbrecht2022
SRR20576809	matched	direct_accession	SRR20576809	Armbrecht2022
SRR20576811	matched	direct_accession	SRR20576811	Armbrecht2022
SRR20576812	matched	direct_accession	SRR20576812	Armbrecht2022
SRR20576813	matched	direct_accession	SRR20576813	Armbrecht2022
SRR20576814	matched	direct_accession	SRR20576814	Armbrecht2022
SRR20576815	matched	direct_accession	SRR20576815	Armbrecht2022
SRR20576816	matched	direct_accession	SRR20576816	Armbrecht2022
SRR20576817	matched	direct_accession	SRR20576817	Armbrecht2022
SRR21589119	matched	direct_accession	SRR21589119	Vassallo2023
SRR21589120	matched	direct_accession	SRR21589120	Vassallo2023
SRR24222601	matched	direct_accession	SRR24222601	Perez2023
SRR24222602	matched	direct_accession	SRR24222602	Perez2023
SRR24222603	matched	direct_accession	SRR24222603	Perez2023
SRR24222604	matched	direct_accession	SRR24222604	Perez2023
SRR24222605	matched	direct_accession	SRR24222605	Perez2023
SRR24222606	matched	direct_accession	SRR24222606	Perez2023
SRR24222607	matched	direct_accession	SRR24222607	Perez2023
SRR24222608	matched	direct_accession	SRR24222608	Perez2023
SRR24222609	matched	direct_accession	SRR24222609	Perez2023
SRR24222610	matched	direct_accession	SRR24222610	Perez2023
SRR24222612	matched	direct_accession	SRR24222612	Perez2023
SRR24222613	matched	direct_accession	SRR24222613	Perez2023
SRR24222614	matched	direct_accession	SRR24222614	Perez2023
SRR24222615	matched	direct_accession	SRR24222615	Perez2023
SRR24222616	matched	direct_accession	SRR24222616	Perez2023
SRR24222617	matched	direct_accession	SRR24222617	Perez2023
SRR24222618	matched	direct_accession	SRR24222618	Perez2023
SRR24222619	matched	direct_accession	SRR24222619	Perez2023
SRR24222620	matched	direct_accession	SRR24222620	Perez2023
SRR24222621	matched	direct_accession	SRR24222621	Perez2023
SRR24222623	matched	direct_accession	SRR24222623	Perez2023
SRR24222624	matched	direct_accession	SRR24222624	Perez2023
SRR24222625	matched	direct_accession	SRR24222625	Perez2023
SRR24222626	matched	direct_accession	SRR24222626	Perez2023
SRR24222627	matched	direct_accession	SRR24222627	Perez2023
SRR24222628	matched	direct_accession	SRR24222628	Perez2023
SRR24222629	matched	direct_accession	SRR24222629	Perez2023
SRR24222630	matched	direct_accession	SRR24222630	Perez2023
SRR24222631	matched	direct_accession	SRR24222631	Perez2023
SRR24222632	matched	direct_accession	SRR24222632	Perez2023
SRR25620676	matched	direct_accession	SRR25620676	Murchie2023
SRR25620681	matched	direct_accession	SRR25620681	Murchie2023
SRR25620753	matched	direct_accession	SRR25620753	Murchie2023
SRR25620756	matched	direct_accession	SRR25620756	Murchie2023
SRR25620780	matched	direct_accession	SRR25620780	Murchie2023
SRR25620786	matched	direct_accession	SRR25620786	Murchie2023
SRR25620790	matched	direct_accession	SRR25620790	Murchie2023
SRR25620795	matched	direct_accession	SRR25620795	Murchie2023
SRR32023812	matched	direct_accession	SRR32023812	Schreiber2025
SRR32023817	matched	direct_accession	SRR32023817	Schreiber2025
SRR32023818	matched	direct_accession	SRR32023818	Schreiber2025
SRR32023819	matched	direct_accession	SRR32023819	Schreiber2025
SRR32023820	matched	direct_accession	SRR32023820	Schreiber2025
SRR32023821	matched	direct_accession	SRR32023821	Schreiber2025
SRR32023822	matched	direct_accession	SRR32023822	Schreiber2025
SRR32023823	matched	direct_accession	SRR32023823	Schreiber2025
SRR32023824	matched	direct_accession	SRR32023824	Schreiber2025
SRR32023825	matched	direct_accession	SRR32023825	Schreiber2025
SRR32023826	matched	direct_accession	SRR32023826	Schreiber2025
SRR32023827	matched	direct_accession	SRR32023827	Schreiber2025
SRR32023828	matched	direct_accession	SRR32023828	Schreiber2025
SRR32023829	matched	direct_accession	SRR32023829	Schreiber2025
SRR32023830	matched	direct_accession	SRR32023830	Schreiber2025
SRR32023831	matched	direct_accession	SRR32023831	Schreiber2025
SRR32023832	matched	direct_accession	SRR32023832	Schreiber2025
SRR32023833	matched	direct_accession	SRR32023833	Schreiber2025
SRR32023835	matched	direct_accession	SRR32023835	Schreiber2025
SRR32023836	matched	direct_accession	SRR32023836	Schreiber2025
SRR32023837	matched	direct_accession	SRR32023837	Schreiber2025
SRR32023838	matched	direct_accession	SRR32023838	Schreiber2025
SRR32023839	matched	direct_accession	SRR32023839	Schreiber2025
SRR32023840	matched	direct_accession	SRR32023840	Schreiber2025
SRR32023841	matched	direct_accession	SRR32023841	Schreiber2025
SRR32023842	matched	direct_accession	SRR32023842	Schreiber2025
SRR32023845	matched	direct_accession	SRR32023845	Schreiber2025
SRR32023846	matched	direct_accession	SRR32023846	Schreiber2025
SRR32023847	matched	direct_accession	SRR32023847	Schreiber2025
SRR32023848	matched	direct_accession	SRR32023848	Schreiber2025
SRR32023849	matched	direct_accession	SRR32023849	Schreiber2025
SRR32023851	matched	direct_accession	SRR32023851	Schreiber2025
SRR32023854	matched	direct_accession	SRR32023854	Schreiber2025
SRR32023855	matched	direct_accession	SRR32023855	Schreiber2025
SRR32023858	matched	direct_accession	SRR32023858	Schreiber2025
SRR32023859	matched	direct_accession	SRR32023859	Schreiber2025
SRR32023860	matched	direct_accession	SRR32023860	Schreiber2025
SRR32023861	matched	direct_accession	SRR32023861	Schreiber2025
SRR32023864	matched	direct_accession	SRR32023864	Schreiber2025
SRR32023865	matched	direct_accession	SRR32023865	Schreiber2025
SRR32023867	matched	direct_accession	SRR32023867	Schreiber2025
SRR32023868	matched	direct_accession	SRR32023868	Schreiber2025
SRR32023870	matched	direct_accession	SRR32023870	Schreiber2025
SRR32023871	matched	direct_accession	SRR32023871	Schreiber2025
SRR32023872	matched	direct_accession	SRR32023872	Schreiber2025
SRR32023873	matched	direct_accession	SRR32023873	Schreiber2025
SRR32023874	matched	direct_accession	SRR32023874	Schreiber2025
SRR32023875	matched	direct_accession	SRR32023875	Schreiber2025
SRR3480231	matched	direct_accession	SRR3480231	Graham2016
SRR3480232	matched	direct_accession	SRR3480232	Graham2016
SRR3480233	matched	direct_accession	SRR3480233	Graham2016
SRR3480234	matched	direct_accession	SRR3480234	Graham2016
SRR3480235	matched	direct_accession	SRR3480235	Graham2016
SRR3480236	matched	direct_accession	SRR3480236	Graham2016
SRR3480246	matched	direct_accession	SRR3480246	Graham2016
SRR3480247	matched	direct_accession	SRR3480247	Graham2016
SRR3480248	matched	direct_accession	SRR3480248	Graham2016
SRR3480249	matched	direct_accession	SRR3480249	Graham2016
SRR3480252	matched	direct_accession	SRR3480252	Graham2016
SRR3480253	matched	direct_accession	SRR3480253	Graham2016
SRR3480254	matched	direct_accession	SRR3480254	Graham2016
SRR3480255	matched	direct_accession	SRR3480255	Graham2016
SRR3480256	matched	direct_accession	SRR3480256	Graham2016
SRR3480257	matched	direct_accession	SRR3480257	Graham2016
SRR3480258	matched	direct_accession	SRR3480258	Graham2016
SRR3480259	matched	direct_accession	SRR3480259	Graham2016
SRR3480260	matched	direct_accession	SRR3480260	Graham2016
SRR3480261	matched	direct_accession	SRR3480261	Graham2016
SRR3480263	matched	direct_accession	SRR3480263	Graham2016
SRR3480264	matched	direct_accession	SRR3480264	Graham2016
SRR3480265	matched	direct_accession	SRR3480265	Graham2016
SRR3480266	matched	direct_accession	SRR3480266	Graham2016
SRR3480268	matched	direct_accession	SRR3480268	Graham2016
SRR3480269	matched	direct_accession	SRR3480269	Graham2016
SRR3480270	matched	direct_accession	SRR3480270	Graham2016
SRR3480271	matched	direct_accession	SRR3480271	Graham2016
SRR3480272	matched	direct_accession	SRR3480272	Graham2016
SRR3480273	matched	direct_accession	SRR3480273	Graham2016
SRR3480275	matched	direct_accession	SRR3480275	Graham2016
SRR3480276	matched	direct_accession	SRR3480276	Graham2016
SRR3480277	matched	direct_accession	SRR3480277	Graham2016
SRR3480278	matched	direct_accession	SRR3480278	Graham2016
SRR3480279	matched	direct_accession	SRR3480279	Graham2016
SRR3480280	matched	direct_accession	SRR3480280	Graham2016
SRR3480281	matched	direct_accession	SRR3480281	Graham2016
SRR3480282	matched	direct_accession	SRR3480282	Graham2016
SRR3480283	matched	direct_accession	SRR3480283	Graham2016
SRR3480284	matched	direct_accession	SRR3480284	Graham2016
SRR3480285	matched	direct_accession	SRR3480285	Graham2016
SRR3480286	matched	direct_accession	SRR3480286	Graham2016
SRR3480287	matched	direct_accession	SRR3480287	Graham2016
SRR3480288	matched	direct_accession	SRR3480288	Graham2016
SRR3480289	matched	direct_accession	SRR3480289	Graham2016
SRR3480290	matched	direct_accession	SRR3480290	Graham2016
SRR3480291	matched	direct_accession	SRR3480291	Graham2016
SRR3480292	matched	direct_accession	SRR3480292	Graham2016
SRR3480293	matched	direct_accession	SRR3480293	Graham2016
SRR3992610	matched	direct_accession	SRR3992610	Wang2017
SRR3992611	matched	direct_accession	SRR3992611	Wang2017
SRR3992612	matched	direct_accession	SRR3992612	Wang2017
SRR3992613	matched	direct_accession	SRR3992613	Wang2017
SRR3992614	matched	direct_accession	SRR3992614	Wang2017
SRR3992615	matched	direct_accession	SRR3992615	Wang2017
SRR3992616	matched	direct_accession	SRR3992616	Wang2017
SRR3992617	matched	direct_accession	SRR3992617	Wang2017
SRR3992618	matched	direct_accession	SRR3992618	Wang2017
SRR3992619	matched	direct_accession	SRR3992619	Wang2017
SRR3992620	matched	direct_accession	SRR3992620	Wang2017
SRR3992621	matched	direct_accession	SRR3992621	Wang2017
SRR3992622	matched	direct_accession	SRR3992622	Wang2017
SRR3992623	matched	direct_accession	SRR3992623	Wang2017
SRR3992624	matched	direct_accession	SRR3992624	Wang2017
SRR3992625	matched	direct_accession	SRR3992625	Wang2017
SRR3992626	matched	direct_accession	SRR3992626	Wang2017
SRR3992627	matched	direct_accession	SRR3992627	Wang2017
SRR3992628	matched	direct_accession	SRR3992628	Wang2017
SRR3992629	matched	direct_accession	SRR3992629	Wang2017
SRR3992630	matched	direct_accession	SRR3992630	Wang2017
SRR5332455	matched	direct_accession	SRR5332455	Ahmed2018
SRR5332456	matched	direct_accession	SRR5332456	Ahmed2018
SRR5332457	matched	direct_accession	SRR5332457	Ahmed2018
SRR5332458	matched	direct_accession	SRR5332458	Ahmed2018
SRR5332459	matched	direct_accession	SRR5332459	Ahmed2018
SRR5332460	matched	direct_accession	SRR5332460	Ahmed2018
SRR5332461	matched	direct_accession	SRR5332461	Ahmed2018
SRR5332462	matched	direct_accession	SRR5332462	Ahmed2018
SRR5332463	matched	direct_accession	SRR5332463	Ahmed2018
SRR5332464	matched	direct_accession	SRR5332464	Ahmed2018
SRR5332465	matched	direct_accession	SRR5332465	Ahmed2018
SRR5332466	matched	direct_accession	SRR5332466	Ahmed2018
SRR7774469	matched	direct_accession	SRR7774469	Moore2020
SRR7774470	matched	direct_accession	SRR7774470	Moore2020
SRR7774471	matched	direct_accession	SRR7774471	Moore2020
SRR7774472	matched	direct_accession	SRR7774472	Moore2020
SRR7774473	matched	direct_accession	SRR7774473	Moore2020
SRR7774474	matched	direct_accession	SRR7774474	Moore2020
SRR7774475	matched	direct_accession	SRR7774475	Moore2020
SRR7774476	matched	direct_accession	SRR7774476	Moore2020
SRR7774477	matched	direct_accession	SRR7774477	Moore2020
SRR7774478	matched	direct_accession	SRR7774478	Moore2020
SRR7774479	matched	direct_accession	SRR7774479	Moore2020
SRR8652706	matched	direct_accession	SRR8652706	Moguel2021
SRR8652707	matched	direct_accession	SRR8652707	Moguel2021
SRR8652708	matched	direct_accession	SRR8652708	Moguel2021
SRR8652709	matched	direct_accession	SRR8652709	Moguel2021
SRR8652710	matched	direct_accession	SRR8652710	Moguel2021
SRR8652711	matched	direct_accession	SRR8652711	Moguel2021
SRR8652712	matched	direct_accession	SRR8652712	Moguel2021
SRR8652713	matched	direct_accession	SRR8652713	Moguel2021
SRR8652714	matched	direct_accession	SRR8652714	Moguel2021
SRR8652715	matched	direct_accession	SRR8652715	Moguel2021
SRR8652716	matched	direct_accession	SRR8652716	Moguel2021
SRR8652717	matched	direct_accession	SRR8652717	Moguel2021
SRR8731956	matched	direct_accession	SRR8731956	Rifkin2020
SRR8731959	matched	direct_accession	SRR8731959	Rifkin2020
SRR9900877	matched	direct_accession	SRR9900877	Armbrecht2020
SRR9900878	matched	direct_accession	SRR9900878	Armbrecht2020
SRR9900879	matched	direct_accession	SRR9900879	Armbrecht2020
SRR9900880	matched	direct_accession	SRR9900880	Armbrecht2020
SRR9900881	matched	direct_accession	SRR9900881	Armbrecht2020
SRR9900882	matched	direct_accession	SRR9900882	Armbrecht2020
SRR9900883	matched	direct_accession	SRR9900883	Armbrecht2020
SRR9900884	matched	direct_accession	SRR9900884	Armbrecht2020
SRR9900885	matched	direct_accession	SRR9900885	Armbrecht2020
SRR9900886	matched	direct_accession	SRR9900886	Armbrecht2020
SRR9900887	matched	direct_accession	SRR9900887	Armbrecht2020
SRR9900888	matched	direct_accession	SRR9900888	Armbrecht2020
SRR9900889	matched	direct_accession	SRR9900889	Armbrecht2020
SRR9900890	matched	direct_accession	SRR9900890	Armbrecht2020
SRR9900891	matched	direct_accession	SRR9900891	Armbrecht2020
SRR9900892	matched	direct_accession	SRR9900892	Armbrecht2020
SRR9900893	matched	direct_accession	SRR9900893	Armbrecht2020
SRR9900894	matched	direct_accession	SRR9900894	Armbrecht2020
SRR9900895	matched	direct_accession	SRR9900895	Armbrecht2020
SRR9900896	matched	direct_accession	SRR9900896	Armbrecht2020
SRR9900902	matched	direct_accession	SRR9900902	Armbrecht2020
