length	effective_length	seed	position_class	base	prob	is_selected_best
60	60	600421	1	A	0.000138811771238201	True
60	60	600421	1	C	0.000138811771238201	True
60	60	600421	1	G	0.000138811771238201	True
60	60	600421	1	T	0.9995835646862854	True
60	60	600421	2	A	0.000138811771238201	True
60	60	600421	2	C	0.000138811771238201	True
60	60	600421	2	G	0.9995835646862854	True
60	60	600421	2	T	0.000138811771238201	True
60	60	600421	3	A	0.9995835646862854	True
60	60	600421	3	C	0.000138811771238201	True
60	60	600421	3	G	0.000138811771238201	True
60	60	600421	3	T	0.000138811771238201	True
60	60	600422	1	A	0.000138811771238201	False
60	60	600422	1	C	0.000138811771238201	False
60	60	600422	1	G	0.000138811771238201	False
60	60	600422	1	T	0.9995835646862854	False
60	60	600422	2	A	0.000138811771238201	False
60	60	600422	2	C	0.000138811771238201	False
60	60	600422	2	G	0.9995835646862854	False
60	60	600422	2	T	0.000138811771238201	False
60	60	600422	3	A	0.9995835646862854	False
60	60	600422	3	C	0.000138811771238201	False
60	60	600422	3	G	0.000138811771238201	False
60	60	600422	3	T	0.000138811771238201	False
